Date;VALE3.SA;LREN3.SA;CMIG3.SA;OIBR4.SA;BBDC3.SA;ITSA4.SA;USIM5.SA;BRML3.SA;PETR3.SA;VIVT4.SA;ENBR3.SA;RADL3.SA
2018-01-02;41.720001220703125;;6.599999904632568;3.4200000762939453;24.454500198364258;10.027299880981445;9.600000381469727;12.399999618530273;17.329999923706055;49.0099983215332;14.199999809265137;90.44999694824219
2018-01-03;41.470001220703125;;6.610000133514404;3.4200000762939453;24.545499801635742;10.145400047302246;9.920000076293945;12.359999656677246;17.549999237060547;48.41999816894531;13.5600004196167;88.20999908447266
2018-01-04;41.63999938964844;;6.550000190734863;3.4200000762939453;24.992399215698242;10.336400032043457;10.479999542236328;12.510000228881836;17.700000762939453;49.400001525878906;13.579999923706055;88.88999938964844
2018-01-05;42.290000915527344;;6.550000190734863;3.440000057220459;25.0;10.354599952697754;10.029999732971191;12.550000190734863;17.84000015258789;49.630001068115234;13.460000038146973;90.44999694824219
2018-01-08;43.22999954223633;;6.5;3.430000066757202;25.0;10.345499992370605;10.140000343322754;12.5;18.1200008392334;50.0099983215332;13.680000305175781;89.30000305175781
2018-01-09;43.06999969482422;;6.420000076293945;3.440000057220459;24.81060028076172;10.18179988861084;10.25;12.260000228881836;18.1200008392334;50.65999984741211;13.850000381469727;88.05000305175781
2018-01-10;42.470001220703125;;6.449999809265137;3.390000104904175;24.651500701904297;10.18179988861084;10.25;12.199999809265137;17.780000686645508;49.36000061035156;13.520000457763672;85.36000061035156
2018-01-11;43.29999923706055;;6.550000190734863;3.369999885559082;25.0;10.345499992370605;10.800000190734863;12.390000343322754;18.219999313354492;49.5;13.649999618530273;86.55000305175781
2018-01-12;43.54999923706055;;6.550000190734863;3.319999933242798;25.0;10.372699737548828;11.020000457763672;12.210000038146973;18.360000610351562;50.36000061035156;13.75;86.5
2018-01-15;43.470001220703125;;6.550000190734863;3.2899999618530273;25.06060028076172;10.5;11.300000190734863;12.489999771118164;18.459999084472656;49.84000015258789;13.649999618530273;86.63999938964844
2018-01-16;42.29999923706055;;6.510000228881836;3.2899999618530273;25.4773006439209;10.63640022277832;10.960000038146973;12.3100004196167;18.790000915527344;50.41999816894531;13.630000114440918;85.2300033569336
2018-01-17;43.150001525878906;;6.489999771118164;3.5;26.257600784301758;10.800000190734863;11.149999618530273;12.279999732971191;19.469999313354492;50.900001525878906;13.6899995803833;86.54000091552734
2018-01-18;42.86000061035156;;6.289999961853027;3.5;26.36359977722168;10.854599952697754;10.930000305175781;12.380000114440918;19.440000534057617;50.709999084472656;13.649999618530273;85.80000305175781
2018-01-19;42.880001068115234;;6.289999961853027;3.509999990463257;26.515199661254883;10.890899658203125;11.430000305175781;12.470000267028809;19.309999465942383;49.349998474121094;13.579999923706055;85.30000305175781
2018-01-22;42.650001525878906;;6.230000019073486;3.6500000953674316;27.045499801635742;11.163599967956543;11.25;12.40999984741211;19.510000228881836;50.25;13.699999809265137;85.33999633789062
2018-01-23;40.93000030517578;;6.119999885559082;3.5899999141693115;27.06060028076172;11.018199920654297;10.720000267028809;12.229999542236328;19.34000015258789;50.0;13.390000343322754;82.87000274658203
2018-01-24;41.779998779296875;;6.550000190734863;3.6500000953674316;28.931800842285156;11.73639965057373;11.300000190734863;12.529999732971191;20.6299991607666;52.29999923706055;13.680000305175781;84.48999786376953
2018-01-25;41.779998779296875;;6.550000190734863;3.6500000953674316;28.931800842285156;11.73639965057373;11.300000190734863;12.529999732971191;20.6299991607666;52.29999923706055;13.680000305175781;84.48999786376953
2018-01-26;41.43000030517578;;6.889999866485596;3.700000047683716;30.265199661254883;12.227299690246582;11.40999984741211;12.869999885559082;21.709999084472656;52.939998626708984;14.109999656677246;85.70999908447266
2018-01-29;41.88999938964844;;7.0;3.700000047683716;29.39389991760254;11.909099578857422;11.550000190734863;12.899999618530273;21.709999084472656;52.709999084472656;14.050000190734863;84.5
2018-01-30;41.470001220703125;;6.940000057220459;3.6500000953674316;29.545499801635742;11.981800079345703;11.579999923706055;13.0;21.18000030517578;53.22999954223633;13.970000267028809;85.0
2018-01-31;41.45000076293945;;6.920000076293945;3.5999999046325684;29.795499801635742;12.045499801635742;11.859999656677246;12.850000381469727;21.299999237060547;53.849998474121094;13.710000038146973;84.43000030517578
2018-02-01;41.790000915527344;;6.980000019073486;3.609999895095825;28.93939971923828;12.009099960327148;11.699999809265137;13.300000190734863;22.1299991607666;54.2400016784668;13.800000190734863;82.68000030517578
2018-02-02;40.79999923706055;;6.889999866485596;3.5199999809265137;28.21969985961914;11.81820011138916;11.800000190734863;13.010000228881836;21.540000915527344;53.45000076293945;13.729999542236328;81.54000091552734
2018-02-05;40.349998474121094;;6.769999980926514;3.390000104904175;27.590900421142578;11.454500198364258;11.359999656677246;12.579999923706055;20.56999969482422;52.79999923706055;13.34000015258789;81.4000015258789
2018-02-06;42.470001220703125;;6.949999809265137;3.319999933242798;28.39389991760254;11.899999618530273;11.699999809265137;12.449999809265137;21.600000381469727;54.83000183105469;13.65999984741211;80.93000030517578
2018-02-07;41.709999084472656;;6.929999828338623;3.390000104904175;27.68939971923828;11.654500007629395;11.600000381469727;12.279999732971191;20.979999542236328;54.0;13.529999732971191;81.3499984741211
2018-02-08;41.59000015258789;;6.730000019073486;3.390000104904175;26.871200561523438;11.545499801635742;11.329999923706055;12.100000381469727;20.350000381469727;52.93000030517578;13.170000076293945;80.8499984741211
2018-02-09;42.0;;6.71999979019165;3.380000114440918;26.7726993560791;11.527299880981445;11.229999542236328;11.979999542236328;20.09000015258789;51.540000915527344;13.0;79.8499984741211
2018-02-14;44.5099983215332;;6.889999866485596;3.440000057220459;27.5757999420166;11.899999618530273;11.970000267028809;12.3100004196167;20.3799991607666;52.59000015258789;13.1899995803833;82.31999969482422
2018-02-15;45.95000076293945;;7.130000114440918;3.509999990463257;27.757600784301758;11.899999618530273;12.130000114440918;12.170000076293945;20.729999542236328;53.13999938964844;13.020000457763672;82.3499984741211
2018-02-16;46.029998779296875;;7.210000038146973;3.5;27.621200561523438;12.18179988861084;12.119999885559082;12.289999961853027;20.719999313354492;53.02000045776367;13.09000015258789;81.94999694824219
2018-02-19;46.45000076293945;;7.300000190734863;3.5;27.5757999420166;12.154500007629395;12.140000343322754;12.079999923706055;21.299999237060547;52.56999969482422;13.09000015258789;81.91000366210938
2018-02-20;45.5099983215332;;7.050000190734863;3.4700000286102295;28.242399215698242;12.645400047302246;12.100000381469727;12.0;21.68000030517578;52.439998626708984;13.399999618530273;82.25
2018-02-21;44.79999923706055;;7.039999961853027;3.549999952316284;28.78030014038086;12.86359977722168;12.149999618530273;12.180000305175781;21.440000534057617;51.86000061035156;13.4399995803833;81.9000015258789
2018-02-22;45.66999816894531;;7.150000095367432;3.5999999046325684;29.08329963684082;13.072699546813965;12.010000228881836;12.149999618530273;22.079999923706055;50.93000030517578;13.350000381469727;82.0
2018-02-23;46.08000183105469;;7.179999828338623;3.619999885559082;29.045499801635742;12.390899658203125;12.199999809265137;12.329999923706055;22.649999618530273;52.29999923706055;13.869999885559082;80.83999633789062
2018-02-26;47.400001525878906;;7.349999904632568;3.700000047683716;28.984800338745117;12.409099578857422;12.75;12.420000076293945;23.18000030517578;52.41999816894531;13.600000381469727;79.54000091552734
2018-02-27;47.33000183105469;;7.380000114440918;3.7300000190734863;28.787900924682617;12.245499610900879;12.649999618530273;12.069999694824219;23.1200008392334;51.540000915527344;13.670000076293945;77.36000061035156
2018-02-28;45.04999923706055;;7.340000152587891;3.799999952316284;27.901500701904297;11.927300453186035;12.319999694824219;11.930000305175781;23.149999618530273;50.650001525878906;13.300000190734863;77.73999786376953
2018-03-01;44.45000076293945;;7.260000228881836;3.7899999618530273;28.11359977722168;12.118200302124023;11.800000190734863;11.729999542236328;22.770000457763672;51.880001068115234;13.550000190734863;79.20999908447266
2018-03-02;43.75;;7.300000190734863;3.7200000286102295;28.43939971923828;12.218199729919434;11.34000015258789;11.779999732971191;23.18000030517578;51.630001068115234;13.829999923706055;79.0999984741211
2018-03-05;43.70000076293945;;7.230000019073486;3.680000066757202;28.8257999420166;12.545499801635742;11.140000343322754;11.819999694824219;23.84000015258789;52.45000076293945;13.819999694824219;78.30000305175781
2018-03-06;43.4900016784668;;7.25;3.75;29.128799438476562;12.490900039672852;11.600000381469727;11.710000038146973;23.68000030517578;51.95000076293945;13.640000343322754;77.19000244140625
2018-03-07;42.849998474121094;;7.369999885559082;3.690000057220459;28.21969985961914;12.454500198364258;11.270000457763672;11.720000267028809;23.360000610351562;52.279998779296875;13.59000015258789;79.68000030517578
2018-03-08;41.459999084472656;;7.639999866485596;3.759999990463257;27.765199661254883;12.372699737548828;11.029999732971191;11.720000267028809;23.389999389648438;52.310001373291016;13.569999694824219;78.80000305175781
2018-03-09;42.099998474121094;;7.5;3.869999885559082;28.409099578857422;12.481800079345703;11.180000305175781;11.869999885559082;24.0;52.0099983215332;13.75;79.80000305175781
2018-03-12;42.459999084472656;;7.550000190734863;3.9200000762939453;28.75;12.600000381469727;11.350000381469727;11.819999694824219;23.899999618530273;51.36000061035156;13.920000076293945;78.66000366210938
2018-03-13;42.130001068115234;;7.429999828338623;3.819999933242798;28.340900421142578;12.518199920654297;11.239999771118164;11.760000228881836;23.670000076293945;50.459999084472656;13.770000457763672;79.62000274658203
2018-03-14;42.599998474121094;;7.269999980926514;3.7699999809265137;28.181800842285156;12.390899658203125;11.34000015258789;11.8100004196167;23.610000610351562;50.43000030517578;13.600000381469727;79.01000213623047
2018-03-15;42.400001525878906;;7.389999866485596;3.799999952316284;27.545499801635742;12.336400032043457;11.140000343322754;11.550000190734863;23.1200008392334;49.400001525878906;13.680000305175781;77.9000015258789
2018-03-16;42.29999923706055;;7.489999771118164;3.7699999809265137;27.6742000579834;12.218199729919434;11.149999618530273;11.229999542236328;23.3700008392334;49.380001068115234;13.5;76.4800033569336
2018-03-19;41.099998474121094;;7.610000133514404;3.7300000190734863;27.5226993560791;12.090900421142578;10.600000381469727;11.149999618530273;22.59000015258789;49.77000045776367;13.489999771118164;77.4000015258789
2018-03-20;41.599998474121094;;7.519999980926514;3.700000047683716;27.4773006439209;12.090900421142578;10.949999809265137;11.199999809265137;22.889999389648438;49.29999923706055;13.550000190734863;77.37999725341797
2018-03-21;42.5;;7.579999923706055;3.6500000953674316;27.7273006439209;12.109100341796875;11.220000267028809;11.270000457763672;23.760000228881836;49.0;13.539999961853027;76.5999984741211
2018-03-22;41.93000030517578;;7.619999885559082;3.630000114440918;28.14389991760254;12.063599586486816;11.09000015258789;11.760000228881836;23.6299991607666;49.04999923706055;13.550000190734863;76.69999694824219
2018-03-23;41.599998474121094;;7.619999885559082;3.6700000762939453;28.484800338745117;12.100000381469727;10.949999809265137;11.579999923706055;23.709999084472656;48.66999816894531;13.59000015258789;75.30000305175781
2018-03-26;42.0;;7.739999771118164;3.630000114440918;28.757600784301758;12.300000190734863;11.020000457763672;11.65999984741211;23.90999984741211;49.689998626708984;13.529999732971191;76.30000305175781
2018-03-27;40.86000061035156;;7.699999809265137;3.559999942779541;28.159099578857422;12.172699928283691;10.8100004196167;11.640000343322754;23.31999969482422;50.099998474121094;13.399999618530273;74.29000091552734
2018-03-28;41.540000915527344;;7.519999980926514;3.390000104904175;28.431800842285156;12.31820011138916;10.6899995803833;11.539999961853027;23.030000686645508;49.5;13.170000076293945;72.83000183105469
2018-03-29;42.209999084472656;;7.820000171661377;3.5199999809265137;29.14389991760254;12.536399841308594;10.920000076293945;11.649999618530273;23.360000610351562;50.400001525878906;13.3100004196167;74.80000305175781
2018-04-02;43.0;;7.699999809265137;3.440000057220459;28.41670036315918;12.463600158691406;10.930000305175781;11.4399995803833;22.739999771118164;50.650001525878906;13.279999732971191;74.43000030517578
2018-04-03;42.869998931884766;;7.699999809265137;3.430000066757202;28.799999237060547;12.399999618530273;10.720000267028809;11.399999618530273;22.799999237060547;50.86000061035156;13.149999618530273;74.19999694824219
2018-04-04;42.54999923706055;;7.630000114440918;3.5299999713897705;28.91670036315918;12.409099578857422;10.5;11.350000381469727;22.719999313354492;51.290000915527344;13.25;72.16000366210938
2018-04-05;43.25;;7.619999885559082;3.5;28.375;12.372699737548828;10.579999923706055;11.399999618530273;23.34000015258789;51.0;13.329999923706055;70.0
2018-04-06;42.7400016784668;;7.579999923706055;3.4700000286102295;28.158300399780273;12.272700309753418;10.430000305175781;11.5;23.579999923706055;50.59000015258789;13.220000267028809;67.9000015258789
2018-04-09;42.95000076293945;;7.420000076293945;3.450000047683716;26.79170036315918;12.027299880981445;10.0600004196167;11.4399995803833;22.899999618530273;50.34000015258789;13.449999809265137;67.0
2018-04-10;44.84000015258789;;7.480000019073486;3.430000066757202;27.04170036315918;12.08180046081543;10.109999656677246;11.449999809265137;23.799999237060547;51.06999969482422;13.770000457763672;69.0
2018-04-11;44.63999938964844;;7.550000190734863;3.4000000953674316;27.70829963684082;12.072699546813965;10.210000038146973;11.420000076293945;24.350000381469727;50.880001068115234;13.5;69.69999694824219
2018-04-12;44.810001373291016;;7.679999828338623;3.4000000953674316;27.141700744628906;12.26360034942627;10.539999961853027;11.640000343322754;24.389999389648438;49.349998474121094;13.520000457763672;71.0999984741211
2018-04-13;44.97999954223633;;7.570000171661377;3.3399999141693115;26.54170036315918;12.0;10.520000457763672;11.5600004196167;23.729999542236328;48.099998474121094;13.449999809265137;69.75
2018-04-16;44.540000915527344;;7.309999942779541;3.259999990463257;25.591699600219727;11.781800270080566;10.029999732971191;11.180000305175781;22.889999389648438;48.0;13.520000457763672;69.5
2018-04-17;45.93000030517578;;7.539999961853027;3.240000009536743;26.13330078125;12.0;10.239999771118164;11.220000267028809;23.309999465942383;49.34000015258789;14.039999961853027;70.54000091552734
2018-04-18;47.47999954223633;;7.630000114440918;3.2899999618530273;26.86669921875;12.23639965057373;11.0600004196167;11.270000457763672;24.06999969482422;49.380001068115234;13.649999618530273;69.3499984741211
2018-04-19;47.83000183105469;;7.789999961853027;3.299999952316284;27.024999618530273;12.045499801635742;11.449999809265137;11.319999694824219;24.3700008392334;49.310001373291016;13.75;69.23999786376953
2018-04-20;47.630001068115234;;7.699999809265137;3.369999885559082;26.70829963684082;11.94540023803711;11.25;11.180000305175781;24.43000030517578;48.900001525878906;13.550000190734863;68.22000122070312
2018-04-23;47.5;;7.650000095367432;3.299999952316284;26.774999618530273;11.990900039672852;10.989999771118164;11.119999885559082;24.350000381469727;48.939998626708984;13.5;67.5
2018-04-24;48.310001373291016;;7.5;3.25;26.58329963684082;11.963600158691406;10.75;10.819999694824219;24.270000457763672;49.25;13.380000114440918;68.0999984741211
2018-04-25;47.95000076293945;;7.539999961853027;3.299999952316284;26.99169921875;12.036399841308594;10.890000343322754;10.9399995803833;23.5;48.9900016784668;13.270000457763672;68.41999816894531
2018-04-26;48.70000076293945;;7.619999885559082;3.2699999809265137;27.04170036315918;12.427300453186035;11.010000228881836;11.149999618530273;24.450000762939453;49.43000030517578;13.760000228881836;70.01000213623047
2018-04-27;48.349998474121094;;7.690000057220459;3.299999952316284;27.108299255371094;12.44540023803711;10.720000267028809;11.020000457763672;24.520000457763672;49.70000076293945;14.0600004196167;69.5
2018-04-30;48.66999816894531;;7.699999809265137;3.2799999713897705;26.58329963684082;12.372699737548828;10.899999618530273;10.920000076293945;24.6299991607666;49.13999938964844;13.890000343322754;68.77999877929688
2018-05-02;48.709999084472656;;7.400000095367432;3.2699999809265137;26.158300399780273;11.63640022277832;10.829999923706055;10.649999618530273;24.56999969482422;49.18000030517578;13.579999923706055;66.0
2018-05-03;49.09000015258789;;7.199999809265137;3.240000009536743;25.83329963684082;11.31820011138916;10.59000015258789;10.5;24.309999465942383;48.150001525878906;13.350000381469727;65.37999725341797
2018-05-04;49.70000076293945;;7.440000057220459;3.390000104904175;25.74169921875;11.13640022277832;10.979999542236328;10.869999885559082;23.889999389648438;47.61000061035156;13.15999984741211;63.0
2018-05-07;49.2400016784668;;7.400000095367432;3.2699999809265137;25.41670036315918;11.154500007629395;10.760000228881836;10.569999694824219;24.739999771118164;47.400001525878906;13.329999923706055;61.36000061035156
2018-05-08;49.189998626708984;;7.340000152587891;3.2699999809265137;25.483299255371094;11.18179988861084;10.850000381469727;10.3100004196167;24.739999771118164;47.2599983215332;13.25;62.31999969482422
2018-05-09;50.25;;7.349999904632568;3.25;25.516700744628906;11.209099769592285;11.079999923706055;10.300000190734863;27.219999313354492;46.900001525878906;13.010000228881836;63.20000076293945
2018-05-10;51.400001525878906;;7.460000038146973;3.240000009536743;26.149999618530273;11.58180046081543;11.130000114440918;10.619999885559082;28.84000015258789;47.119998931884766;13.5;67.4000015258789
2018-05-11;52.630001068115234;;7.369999885559082;3.3399999141693115;25.58329963684082;11.399999618530273;11.020000457763672;10.300000190734863;28.950000762939453;47.0099983215332;15.600000381469727;69.5999984741211
2018-05-14;54.27000045776367;;7.309999942779541;3.2899999618530273;25.141700744628906;11.23639965057373;10.850000381469727;10.0600004196167;30.149999618530273;46.29999923706055;13.899999618530273;70.23999786376953
2018-05-15;54.650001525878906;;7.21999979019165;3.2699999809265137;25.0;11.08180046081543;10.380000114440918;10.470000267028809;30.90999984741211;46.970001220703125;13.489999771118164;69.9000015258789
2018-05-16;55.900001525878906;;7.360000133514404;3.4700000286102295;25.516700744628906;11.190899848937988;10.890000343322754;10.4399995803833;31.6299991607666;47.939998626708984;13.550000190734863;71.18000030517578
2018-05-17;55.380001068115234;;7.159999847412109;3.3399999141693115;24.13330078125;10.699999809265137;10.789999961853027;10.0;30.209999084472656;46.65999984741211;13.680000305175781;69.25
2018-05-18;54.77000045776367;;6.920000076293945;3.359999895095825;24.283300399780273;10.545499801635742;10.680000305175781;9.979999542236328;30.149999618530273;45.599998474121094;13.34000015258789;66.26000213623047
2018-05-21;53.0;;6.900000095367432;3.309999942779541;23.5;10.481800079345703;10.390000343322754;10.170000076293945;29.139999389648438;45.0099983215332;13.430000305175781;65.0999984741211
2018-05-22;52.34000015258789;;7.190000057220459;3.309999942779541;24.108299255371094;10.936400413513184;10.229999542236328;10.460000038146973;28.420000076293945;45.2400016784668;13.75;66.61000061035156
2018-05-23;51.939998626708984;;7.230000019073486;3.1700000762939453;23.41670036315918;10.68179988861084;9.850000381469727;10.34000015258789;27.149999618530273;44.72999954223633;13.4399995803833;63.849998474121094
2018-05-24;52.459999084472656;;7.25;3.109999895095825;23.49169921875;10.854599952697754;9.600000381469727;10.600000381469727;23.200000762939453;45.400001525878906;13.550000190734863;63.0
2018-05-25;51.47999954223633;;7.039999961853027;2.9700000286102295;23.0;10.699999809265137;9.010000228881836;10.5;23.030000686645508;45.75;13.84000015258789;61.91999816894531
2018-05-28;51.06999969482422;;6.739999771118164;2.700000047683716;22.20829963684082;10.254500389099121;8.350000381469727;10.0;19.790000915527344;44.41999816894531;13.239999771118164;61.72999954223633
2018-05-29;50.15999984741211;;6.840000152587891;2.609999895095825;22.016700744628906;10.18179988861084;8.5600004196167;9.989999771118164;22.239999771118164;44.400001525878906;13.0600004196167;61.5
2018-05-30;50.630001068115234;;7.0;2.9000000953674316;21.733299255371094;10.209099769592285;8.25;10.300000190734863;22.190000534057617;45.5;13.220000267028809;62.27000045776367
2018-06-01;52.7599983215332;;6.909999847412109;3.0999999046325684;22.58329963684082;10.350000381469727;8.84000015258789;10.350000381469727;18.8799991607666;45.470001220703125;13.819999694824219;64.83000183105469
2018-06-04;52.52000045776367;;7.0;3.180000066757202;22.83329963684082;10.680000305175781;9.430000305175781;10.460000038146973;19.979999542236328;45.099998474121094;13.640000343322754;68.2300033569336
2018-06-05;53.72999954223633;;6.599999904632568;3.1700000762939453;21.783300399780273;10.149999618530273;9.170000076293945;10.130000114440918;19.3799991607666;44.18000030517578;13.319999694824219;67.0
2018-06-06;56.06999969482422;;6.53000020980835;3.140000104904175;21.216699600219727;10.010000228881836;8.899999618530273;10.020000457763672;19.270000457763672;45.0;13.170000076293945;65.0
2018-06-07;54.369998931884766;;6.380000114440918;3.0199999809265137;20.79170036315918;9.399999618530273;8.300000190734863;9.789999961853027;18.920000076293945;45.43000030517578;12.720000267028809;64.23999786376953
2018-06-08;50.88999938964844;;6.320000171661377;3.0299999713897705;20.875;9.420000076293945;8.5;10.0;18.0;45.27000045776367;12.869999885559082;65.30000305175781
2018-06-11;50.849998474121094;;6.329999923706055;3.049999952316284;20.450000762939453;9.199999809265137;8.069999694824219;9.819999694824219;18.389999389648438;45.33000183105469;13.149999618530273;64.66999816894531
2018-06-12;51.70000076293945;;6.179999828338623;3.0299999713897705;20.341699600219727;9.1899995803833;8.300000190734863;9.779999732971191;18.239999771118164;45.25;13.079999923706055;65.0999984741211
2018-06-13;51.54999923706055;;6.21999979019165;3.0799999237060547;19.983299255371094;9.119999885559082;8.229999542236328;9.630000114440918;17.989999771118164;45.619998931884766;13.0;66.33000183105469
2018-06-14;51.709999084472656;;6.199999809265137;3.059999942779541;18.95829963684082;8.819999694824219;7.96999979019165;9.350000381469727;17.979999542236328;46.38999938964844;13.0;67.8499984741211
2018-06-15;49.130001068115234;;6.190000057220459;2.990000009536743;19.441699981689453;8.90999984741211;7.449999809265137;9.430000305175781;17.799999237060547;46.25;13.0;69.16999816894531
2018-06-18;49.209999084472656;;6.119999885559082;2.9600000381469727;18.91670036315918;8.609999656677246;7.389999866485596;9.09000015258789;17.209999084472656;45.970001220703125;12.970000267028809;70.9000015258789
2018-06-19;48.29999923706055;;6.25;2.990000009536743;19.75;8.989999771118164;7.519999980926514;9.380000114440918;17.850000381469727;46.0;13.199999809265137;71.30999755859375
2018-06-20;48.810001373291016;;6.269999980926514;3.009999990463257;19.875;9.180000305175781;7.670000076293945;9.300000190734863;18.579999923706055;46.45000076293945;13.430000305175781;70.6500015258789
2018-06-21;47.209999084472656;;6.03000020980835;2.9200000762939453;19.25830078125;8.90999984741211;7.260000228881836;9.0;17.649999618530273;44.7599983215332;13.449999809265137;68.2300033569336
2018-06-22;48.0099983215332;;6.050000190734863;2.9600000381469727;19.66670036315918;8.979999542236328;7.159999847412109;9.130000114440918;17.760000228881836;45.5;14.050000190734863;67.87000274658203
2018-06-25;47.15999984741211;;6.190000057220459;2.9600000381469727;19.54170036315918;8.9399995803833;7.150000095367432;9.350000381469727;18.09000015258789;45.79999923706055;14.180000305175781;68.2699966430664
2018-06-26;48.34000015258789;;6.5;2.940000057220459;19.558300018310547;9.09000015258789;7.110000133514404;10.069999694824219;18.520000457763672;45.0099983215332;13.890000343322754;68.11000061035156
2018-06-27;48.150001525878906;;6.230000019073486;2.9100000858306885;19.266700744628906;8.819999694824219;7.150000095367432;9.84000015258789;19.020000457763672;44.9900016784668;13.649999618530273;65.8499984741211
2018-06-28;49.06999969482422;;6.400000095367432;2.8499999046325684;19.875;9.039999961853027;7.429999828338623;9.800000190734863;18.90999984741211;45.02000045776367;13.760000228881836;64.98999786376953
2018-06-29;49.59000015258789;;6.599999904632568;2.890000104904175;20.316699981689453;9.180000305175781;7.320000171661377;9.699999809265137;19.420000076293945;45.7400016784668;13.869999885559082;66.4000015258789
2018-07-02;48.7599983215332;;6.650000095367432;2.869999885559082;20.049999237060547;9.279999732971191;7.230000019073486;9.75;19.68000030517578;45.040000915527344;13.640000343322754;67.76000213623047
2018-07-03;47.959999084472656;;6.739999771118164;2.9000000953674316;20.54170036315918;9.59000015258789;7.75;9.850000381469727;19.75;45.2400016784668;13.899999618530273;69.98999786376953
2018-07-04;48.029998779296875;;6.96999979019165;2.9700000286102295;20.966699600219727;9.680000305175781;8.220000267028809;10.010000228881836;20.709999084472656;45.29999923706055;14.010000228881836;69.79000091552734
2018-07-05;49.70000076293945;;6.960000038146973;2.950000047683716;20.83329963684082;9.699999809265137;8.09000015258789;10.020000457763672;20.09000015258789;45.04999923706055;13.720000267028809;68.30000305175781
2018-07-06;50.34000015258789;;7.010000228881836;2.9000000953674316;20.99169921875;9.720000267028809;8.039999961853027;10.170000076293945;20.219999313354492;44.720001220703125;13.800000190734863;67.37000274658203
2018-07-10;49.529998779296875;;7.090000152587891;2.9000000953674316;20.658300399780273;9.739999771118164;7.880000114440918;10.170000076293945;20.190000534057617;44.880001068115234;13.920000076293945;67.94999694824219
2018-07-11;48.86000061035156;;6.900000095367432;3.0;20.591699600219727;9.770000457763672;7.53000020980835;10.239999771118164;20.020000457763672;44.709999084472656;13.720000267028809;69.88999938964844
2018-07-12;50.45000076293945;;7.010000228881836;3.109999895095825;21.08329963684082;9.90999984741211;8.229999542236328;10.399999618530273;20.600000381469727;44.4900016784668;13.869999885559082;71.0999984741211
2018-07-13;50.310001373291016;;7.130000114440918;3.359999895095825;21.45829963684082;10.130000114440918;8.319999694824219;10.520000457763672;20.579999923706055;44.310001373291016;13.890000343322754;74.75
2018-07-16;50.0;;7.079999923706055;3.200000047683716;21.625;10.1899995803833;8.329999923706055;10.300000190734863;20.3799991607666;44.5;13.8100004196167;75.19999694824219
2018-07-17;50.70000076293945;;7.090000152587891;3.1700000762939453;22.375;10.390000343322754;8.699999809265137;10.5;21.059999465942383;45.209999084472656;13.989999771118164;78.30000305175781
2018-07-18;51.45000076293945;;6.929999828338623;3.109999895095825;21.941699981689453;10.380000114440918;8.40999984741211;10.529999732971191;20.649999618530273;44.220001220703125;14.0;75.69999694824219
2018-07-19;49.43000030517578;;7.119999885559082;2.990000009536743;21.86669921875;10.529999732971191;8.359999656677246;10.470000267028809;20.889999389648438;44.25;13.75;76.0
2018-07-20;48.720001220703125;;7.289999961853027;3.069999933242798;22.91670036315918;10.869999885559082;8.829999923706055;10.510000228881836;21.420000076293945;44.29999923706055;13.9399995803833;78.05000305175781
2018-07-23;49.599998474121094;;7.25;3.009999990463257;22.79170036315918;10.600000381469727;8.819999694824219;10.25;21.520000457763672;43.4900016784668;13.800000190734863;76.5999984741211
2018-07-24;51.310001373291016;;7.400000095367432;3.049999952316284;23.341699600219727;10.619999885559082;9.020000457763672;10.5600004196167;21.899999618530273;43.560001373291016;13.899999618530273;76.69999694824219
2018-07-25;51.75;;7.46999979019165;3.069999933242798;23.91670036315918;10.960000038146973;9.25;10.449999809265137;22.18000030517578;43.29999923706055;14.399999618530273;76.30000305175781
2018-07-26;52.779998779296875;;7.369999885559082;3.0399999618530273;23.091699600219727;10.770000457763672;9.130000114440918;10.119999885559082;21.6200008392334;42.400001525878906;13.65999984741211;75.0
2018-07-27;53.45000076293945;;7.25;3.0;23.25830078125;10.739999771118164;9.149999618530273;10.09000015258789;22.100000381469727;42.27000045776367;13.670000076293945;75.0
2018-07-30;54.33000183105469;;7.210000038146973;3.0;23.66670036315918;10.850000381469727;9.15999984741211;10.029999732971191;22.059999465942383;41.31999969482422;13.699999809265137;74.11000061035156
2018-07-31;54.84000015258789;;7.230000019073486;2.75;23.233299255371094;10.420000076293945;8.869999885559082;9.949999809265137;21.940000534057617;41.060001373291016;13.649999618530273;74.36000061035156
2018-08-01;53.060001373291016;;7.170000076293945;2.9000000953674316;23.58329963684082;10.649999618530273;8.789999961853027;10.100000381469727;22.06999969482422;41.470001220703125;14.100000381469727;75.86000061035156
2018-08-02;52.84000015258789;;7.179999828338623;2.990000009536743;23.483299255371094;10.710000038146973;8.960000038146973;10.15999984741211;22.440000534057617;41.31999969482422;13.970000267028809;77.04000091552734
2018-08-03;52.54999923706055;;7.400000095367432;2.880000114440918;23.933300018310547;11.029999732971191;9.050000190734863;10.479999542236328;23.219999313354492;41.54999923706055;14.170000076293945;77.2300033569336
2018-08-06;52.400001525878906;;7.420000076293945;2.869999885559082;23.66670036315918;10.869999885559082;8.829999923706055;10.390000343322754;23.299999237060547;42.279998779296875;14.0;76.38999938964844
2018-08-07;52.75;;7.46999979019165;2.799999952316284;23.149999618530273;10.850000381469727;8.729999542236328;10.140000343322754;23.209999084472656;41.52000045776367;13.899999618530273;75.25
2018-08-08;52.400001525878906;;7.429999828338623;2.8399999141693115;22.725000381469727;10.619999885559082;8.800000190734863;9.8100004196167;22.739999771118164;40.95000076293945;13.989999771118164;75.87999725341797
2018-08-09;51.84000015258789;;7.21999979019165;2.799999952316284;22.358299255371094;10.40999984741211;8.529999732971191;9.680000305175781;22.760000228881836;40.83000183105469;13.869999885559082;76.5
2018-08-10;51.709999084472656;;7.070000171661377;2.75;21.191699981689453;10.010000228881836;7.909999847412109;9.510000228881836;22.15999984741211;40.470001220703125;13.5;76.5
2018-08-13;52.279998779296875;;7.059999942779541;2.799999952316284;21.70829963684082;9.960000038146973;8.100000381469727;9.5600004196167;22.399999618530273;41.08000183105469;13.649999618530273;76.29000091552734
2018-08-14;52.7599983215332;;7.119999885559082;2.819999933242798;22.00830078125;10.199999809265137;8.260000228881836;9.800000190734863;22.260000228881836;41.20000076293945;13.949999809265137;75.5999984741211
2018-08-15;50.40999984741211;;7.090000152587891;2.8499999046325684;21.86669921875;10.180000305175781;7.929999828338623;9.729999542236328;21.3799991607666;40.900001525878906;13.770000457763672;75.16999816894531
2018-08-16;49.720001220703125;;7.309999942779541;2.809999942779541;21.5;10.079999923706055;8.0;9.680000305175781;21.290000915527344;40.470001220703125;13.890000343322754;75.41999816894531
2018-08-17;50.79999923706055;;7.260000228881836;2.799999952316284;20.924999237060547;9.949999809265137;7.940000057220459;9.430000305175781;20.950000762939453;40.11000061035156;13.710000038146973;75.7300033569336
2018-08-20;51.439998626708984;;7.139999866485596;2.819999933242798;20.950000762939453;9.720000267028809;8.369999885559082;9.40999984741211;21.0;40.18000030517578;13.800000190734863;76.19999694824219
2018-08-21;51.72999954223633;;6.889999866485596;2.7699999809265137;20.25;9.5;8.0;9.15999984741211;20.649999618530273;39.83000183105469;13.819999694824219;75.80999755859375
2018-08-22;53.29999923706055;;7.050000190734863;2.740000009536743;20.91670036315918;9.710000038146973;8.140000343322754;9.359999656677246;21.260000228881836;39.970001220703125;13.949999809265137;78.4000015258789
2018-08-23;53.349998474121094;;6.800000190734863;2.6700000762939453;20.375;9.449999809265137;8.020000457763672;9.079999923706055;20.969999313354492;40.04999923706055;13.869999885559082;79.80000305175781
2018-08-24;54.150001525878906;;6.860000133514404;2.680000066757202;20.54170036315918;9.489999771118164;8.15999984741211;9.180000305175781;21.09000015258789;40.56999969482422;13.5600004196167;81.19999694824219
2018-08-27;55.66999816894531;;7.0;2.690000057220459;21.25;9.760000228881836;8.270000457763672;9.449999809265137;21.450000762939453;40.86000061035156;13.59000015258789;80.33999633789062
2018-08-28;55.650001525878906;;6.96999979019165;2.6700000762939453;21.441699981689453;9.600000381469727;8.1899995803833;9.430000305175781;21.239999771118164;40.7400016784668;13.479999542236328;77.11000061035156
2018-08-29;55.220001220703125;;7.0;2.7200000286102295;21.558300018310547;9.869999885559082;8.329999923706055;9.479999542236328;22.170000076293945;40.900001525878906;13.550000190734863;79.08000183105469
2018-08-30;54.56999969482422;;6.849999904632568;2.609999895095825;20.733299255371094;9.430000305175781;8.079999923706055;9.199999809265137;21.68000030517578;40.189998626708984;13.239999771118164;78.5999984741211
2018-08-31;53.619998931884766;;7.019999980926514;2.559999942779541;20.924999237060547;9.59000015258789;8.069999694824219;9.149999618530273;22.079999923706055;40.02000045776367;13.40999984741211;77.0
2018-09-03;54.04999923706055;;6.929999828338623;2.549999952316284;20.683300018310547;9.470000267028809;8.020000457763672;9.119999885559082;21.75;39.5;13.329999923706055;76.25
2018-09-04;52.0;;6.690000057220459;2.4600000381469727;20.033300399780273;9.359999656677246;8.010000228881836;9.0;21.520000457763672;39.5099983215332;13.069999694824219;75.13999938964844
2018-09-05;52.150001525878906;;6.769999980926514;2.4000000953674316;20.149999618530273;9.359999656677246;7.880000114440918;9.010000228881836;21.729999542236328;39.38999938964844;13.130000114440918;72.79000091552734
2018-09-06;53.47999954223633;;6.849999904632568;2.390000104904175;20.733299255371094;9.699999809265137;7.940000057220459;9.300000190734863;21.920000076293945;40.970001220703125;13.149999618530273;74.25
2018-09-10;53.220001220703125;;6.829999923706055;2.299999952316284;20.75;9.6899995803833;7.869999885559082;9.4399995803833;22.200000762939453;40.66999816894531;13.25;75.66999816894531
2018-09-11;52.59000015258789;;6.559999942779541;2.200000047683716;20.0;9.289999961853027;7.400000095367432;9.050000190734863;21.579999923706055;39.97999954223633;13.149999618530273;73.44000244140625
2018-09-12;53.45000076293945;;6.550000190734863;2.1700000762939453;20.066699981689453;9.350000381469727;7.300000190734863;9.390000343322754;22.15999984741211;40.75;12.949999809265137;73.69999694824219
2018-09-13;53.779998779296875;;6.300000190734863;2.140000104904175;20.033300399780273;9.40999984741211;7.110000133514404;9.359999656677246;21.850000381469727;40.099998474121094;12.8100004196167;73.94999694824219
2018-09-14;55.20000076293945;;6.300000190734863;2.049999952316284;20.24169921875;9.630000114440918;7.0;9.319999694824219;22.0;39.97999954223633;12.800000190734863;76.95999908447266
2018-09-17;55.040000915527344;;6.550000190734863;1.9700000286102295;20.808300018310547;9.779999732971191;7.610000133514404;9.609999656677246;22.469999313354492;40.349998474121094;12.920000076293945;77.47000122070312
2018-09-18;57.34000015258789;;6.789999961853027;1.909999966621399;21.174999237060547;9.90999984741211;8.0;9.829999923706055;23.280000686645508;38.75;13.029999732971191;77.70999908447266
2018-09-19;58.58000183105469;;6.650000095367432;1.9299999475479126;21.174999237060547;9.899999618530273;8.350000381469727;9.649999618530273;23.149999618530273;38.20000076293945;12.649999618530273;77.0
2018-09-20;59.31999969482422;;6.619999885559082;1.940000057220459;21.11669921875;9.760000228881836;8.050000190734863;9.65999984741211;22.989999771118164;38.95000076293945;12.510000228881836;77.02999877929688
2018-09-21;61.0099983215332;;6.860000133514404;2.119999885559082;21.549999237060547;9.869999885559082;8.479999542236328;9.880000114440918;23.270000457763672;38.90999984741211;12.890000343322754;77.69999694824219
2018-09-24;60.20000076293945;;6.679999828338623;2.0399999618530273;20.83329963684082;9.59000015258789;8.289999961853027;9.5;23.149999618530273;38.20000076293945;12.770000457763672;74.33999633789062
2018-09-25;62.20000076293945;;6.53000020980835;1.9800000190734863;21.066699981689453;9.670000076293945;8.399999618530273;9.449999809265137;23.270000457763672;38.040000915527344;12.640000343322754;73.44000244140625
2018-09-26;60.0099983215332;;6.570000171661377;2.0199999809265137;21.38330078125;9.760000228881836;8.40999984741211;9.579999923706055;23.360000610351562;38.959999084472656;12.65999984741211;72.69999694824219
2018-09-27;59.47999954223633;;6.539999961853027;1.9900000095367432;21.86669921875;10.050000190734863;8.430000305175781;9.819999694824219;24.5;40.099998474121094;12.9399995803833;74.19999694824219
2018-09-28;59.81999969482422;;6.550000190734863;2.009999990463257;21.45829963684082;10.100000381469727;8.319999694824219;9.619999885559082;24.229999542236328;39.20000076293945;12.789999961853027;72.43000030517578
2018-10-01;60.400001525878906;;6.510000228881836;1.9700000286102295;21.283300399780273;9.989999771118164;8.020000457763672;9.609999656677246;24.18000030517578;38.79999923706055;12.640000343322754;71.30000305175781
2018-10-02;61.20000076293945;;6.940000057220459;2.0299999713897705;22.75;10.399999618530273;8.5;10.029999732971191;25.809999465942383;39.779998779296875;13.15999984741211;72.51000213623047
2018-10-03;59.95000076293945;;7.300000190734863;2.0799999237060547;23.850000381469727;10.739999771118164;8.880000114440918;10.449999809265137;26.479999542236328;40.599998474121094;13.670000076293945;74.0
2018-10-04;58.79999923706055;;7.46999979019165;2.4800000190734863;23.649999618530273;10.65999984741211;9.079999923706055;10.680000305175781;26.760000228881836;39.95000076293945;13.819999694824219;74.16000366210938
2018-10-05;57.4900016784668;;8.0;2.359999895095825;22.95829963684082;10.529999732971191;9.020000457763672;10.489999771118164;26.65999984741211;39.150001525878906;13.8100004196167;72.75
2018-10-08;57.04999923706055;;9.529999732971191;2.359999895095825;24.16670036315918;11.170000076293945;10.0;11.199999809265137;29.190000534057617;40.349998474121094;13.90999984741211;74.25
2018-10-09;57.70000076293945;;9.699999809265137;2.3399999141693115;24.200000762939453;11.079999923706055;10.010000228881836;11.5;29.729999542236328;39.16999816894531;14.0;73.27999877929688
2018-10-10;55.88999938964844;;9.5600004196167;2.25;23.16670036315918;10.8100004196167;9.270000457763672;11.380000114440918;28.6299991607666;38.5;13.670000076293945;71.7699966430664
2018-10-11;56.47999954223633;;10.130000114440918;2.25;23.299999237060547;10.75;9.3100004196167;11.319999694824219;28.100000381469727;38.29999923706055;13.609999656677246;67.4800033569336
2018-10-15;57.66999816894531;;10.289999961853027;2.2300000190734863;23.54170036315918;10.819999694824219;9.670000076293945;11.069999694824219;28.75;37.59000015258789;13.920000076293945;67.48999786376953
2018-10-16;57.70000076293945;;10.5;2.1600000858306885;24.533300399780273;11.270000457763672;9.90999984741211;11.649999618530273;29.799999237060547;37.79999923706055;14.229999542236328;67.01000213623047
2018-10-17;58.79999923706055;;10.300000190734863;2.2799999713897705;24.54170036315918;11.170000076293945;9.880000114440918;11.8100004196167;29.600000381469727;38.0;14.029999732971191;65.08999633789062
2018-10-18;56.5;;10.279999732971191;2.240000009536743;23.783300399780273;10.829999923706055;9.65999984741211;11.460000038146973;28.649999618530273;37.849998474121094;14.180000305175781;66.30000305175781
2018-10-19;56.529998779296875;;10.279999732971191;2.2699999809265137;23.825000762939453;10.8100004196167;9.699999809265137;11.510000228881836;28.940000534057617;37.83000183105469;14.100000381469727;66.30000305175781
2018-10-22;58.369998931884766;;10.300000190734863;2.25;24.108299255371094;10.979999542236328;10.449999809265137;11.670000076293945;29.719999313354492;38.41999816894531;14.149999618530273;66.80000305175781
2018-10-23;56.75;;10.369999885559082;2.2300000190734863;24.174999237060547;10.960000038146973;10.199999809265137;11.710000038146973;29.15999984741211;38.45000076293945;14.319999694824219;66.80000305175781
2018-10-24;54.43000030517578;;10.40999984741211;2.190000057220459;23.49169921875;10.699999809265137;9.699999809265137;11.420000076293945;28.31999969482422;37.52000045776367;14.1899995803833;64.16000366210938
2018-10-25;54.61000061035156;;10.989999771118164;2.190000057220459;24.5;10.819999694824219;9.899999618530273;11.680000305175781;28.90999984741211;38.0;14.3100004196167;65.18000030517578
2018-10-26;55.599998474121094;;11.800000190734863;2.2699999809265137;24.774999618530273;11.039999961853027;10.0600004196167;12.0;30.0;37.970001220703125;14.350000381469727;65.95999908447266
2018-10-29;53.099998474121094;;11.149999618530273;2.2100000381469727;24.266700744628906;10.890000343322754;10.029999732971191;11.869999885559082;28.920000076293945;37.68000030517578;14.100000381469727;63.20000076293945
2018-10-30;53.869998931884766;;11.100000381469727;2.4800000190734863;25.341699600219727;11.3100004196167;10.359999656677246;12.479999542236328;30.520000457763672;43.09000015258789;14.100000381469727;65.0
2018-10-31;56.709999084472656;;11.079999923706055;2.4100000858306885;25.20829963684082;11.239999771118164;10.279999732971191;12.699999809265137;30.31999969482422;43.220001220703125;14.0;62.81999969482422
2018-11-01;57.5;;11.100000381469727;2.4600000381469727;26.533300399780273;11.399999618530273;10.119999885559082;12.600000381469727;29.770000457763672;44.83000183105469;14.010000228881836;63.150001525878906
2018-11-05;57.529998779296875;;11.550000190734863;2.5;27.5;11.5;10.1899995803833;12.390000343322754;30.649999618530273;44.849998474121094;14.130000114440918;66.5
2018-11-06;57.22999954223633;;11.600000381469727;2.680000066757202;27.024999618530273;11.550000190734863;9.930000305175781;12.069999694824219;29.860000610351562;44.599998474121094;14.100000381469727;66.75
2018-11-07;57.59000015258789;;11.569999694824219;2.680000066757202;26.91670036315918;11.600000381469727;9.8100004196167;11.899999618530273;29.200000762939453;43.810001373291016;14.079999923706055;67.0
2018-11-08;57.02000045776367;;11.350000381469727;2.5799999237060547;25.924999237060547;11.300000190734863;9.699999809265137;11.6899995803833;28.239999771118164;43.83000183105469;13.869999885559082;66.0
2018-11-09;54.650001525878906;;11.470000267028809;2.5799999237060547;26.5;11.550000190734863;10.020000457763672;11.680000305175781;28.1299991607666;43.5;13.880000114440918;66.0
2018-11-12;54.849998474121094;;11.649999618530273;2.4600000381469727;26.54170036315918;11.4399995803833;9.699999809265137;11.5600004196167;27.989999771118164;43.56999969482422;13.75;65.54000091552734
2018-11-13;56.27000045776367;;11.649999618530273;2.319999933242798;25.983299255371094;11.359999656677246;9.40999984741211;11.40999984741211;26.700000762939453;44.33000183105469;14.15999984741211;66.9000015258789
2018-11-14;55.15999984741211;;11.649999618530273;2.0999999046325684;26.25;11.550000190734863;9.149999618530273;12.100000381469727;27.190000534057617;44.72999954223633;13.479999542236328;66.5999984741211
2018-11-16;56.150001525878906;;11.880000114440918;2.059999942779541;27.70829963684082;11.989999771118164;9.789999961853027;12.520000457763672;28.049999237060547;45.900001525878906;13.760000228881836;66.25
2018-11-19;55.369998931884766;;11.770000457763672;2.109999895095825;27.391700744628906;12.069999694824219;9.34000015258789;12.25;28.030000686645508;45.0;13.800000190734863;63.5
2018-11-21;54.529998779296875;;11.75;1.7200000286102295;27.13330078125;11.850000381469727;9.210000038146973;12.199999809265137;27.3799991607666;46.25;13.800000190734863;63.099998474121094
2018-11-22;54.040000915527344;;12.34000015258789;1.7200000286102295;27.191699981689453;11.84000015258789;9.0600004196167;12.220000267028809;27.329999923706055;45.75;13.5;63.20000076293945
2018-11-23;50.349998474121094;;12.350000381469727;1.649999976158142;27.25;11.859999656677246;8.619999885559082;12.300000190734863;26.690000534057617;45.70000076293945;13.180000305175781;62.709999084472656
2018-11-26;50.119998931884766;;12.180000305175781;1.5700000524520874;26.66670036315918;11.640000343322754;8.529999732971191;12.25;27.100000381469727;45.54999923706055;13.15999984741211;62.16999816894531
2018-11-27;49.91999816894531;;12.479999542236328;1.5199999809265137;27.75;12.09000015258789;8.720000267028809;12.670000076293945;28.020000457763672;46.75;13.390000343322754;62.79999923706055
2018-11-28;52.29999923706055;;12.399999618530273;1.5199999809265137;28.649999618530273;12.369999885559082;8.6899995803833;12.850000381469727;27.670000076293945;46.75;13.630000114440918;62.400001525878906
2018-11-29;52.0;;12.649999618530273;1.5099999904632568;28.850000381469727;12.489999771118164;8.979999542236328;12.960000038146973;27.850000381469727;46.75;13.699999809265137;62.18000030517578
2018-11-30;52.79999923706055;;12.720000267028809;1.4600000381469727;27.99169921875;12.34000015258789;9.350000381469727;13.010000228881836;28.1299991607666;46.0099983215332;13.6899995803833;62.130001068115234
2018-12-03;54.11000061035156;;12.649999618530273;1.4199999570846558;27.899999618530273;12.229999542236328;9.789999961853027;13.100000381469727;28.93000030517578;46.310001373291016;14.029999732971191;63.459999084472656
2018-12-04;52.880001068115234;;12.670000076293945;1.3600000143051147;27.91670036315918;12.050000190734863;9.380000114440918;13.140000343322754;28.420000076293945;45.939998626708984;13.819999694824219;64.0
2018-12-05;52.79999923706055;;12.510000228881836;1.3300000429153442;28.016700744628906;12.050000190734863;9.489999771118164;13.0;28.59000015258789;46.630001068115234;13.930000305175781;62.689998626708984
2018-12-06;52.29999923706055;;12.399999618530273;1.4900000095367432;28.408300399780273;12.359999656677246;9.300000190734863;12.829999923706055;27.399999618530273;46.66999816894531;13.819999694824219;62.79999923706055
2018-12-07;51.290000915527344;;12.390000343322754;1.4500000476837158;28.04170036315918;12.119999885559082;9.0;13.0600004196167;27.850000381469727;46.7599983215332;13.800000190734863;61.43000030517578
2018-12-10;50.20000076293945;;12.350000381469727;1.3899999856948853;27.408300399780273;11.75;8.699999809265137;12.699999809265137;26.469999313354492;46.59000015258789;13.84000015258789;60.900001525878906
2018-12-11;50.599998474121094;;12.699999809265137;1.350000023841858;27.50830078125;11.789999961853027;8.75;12.770000457763672;26.299999237060547;46.900001525878906;13.899999618530273;62.95000076293945
2018-12-12;50.369998931884766;;13.039999961853027;1.3600000143051147;27.75;11.90999984741211;9.359999656677246;13.180000305175781;26.389999389648438;46.95000076293945;13.680000305175781;64.05000305175781
2018-12-13;50.599998474121094;;13.100000381469727;1.3600000143051147;28.549999237060547;12.100000381469727;9.649999618530273;13.140000343322754;26.530000686645508;47.900001525878906;14.029999732971191;63.13999938964844
2018-12-14;50.880001068115234;;13.3100004196167;1.2999999523162842;28.200000762939453;12.180000305175781;9.380000114440918;13.109999656677246;26.329999923706055;48.5;13.979999542236328;62.619998931884766
2018-12-17;51.25;;12.930000305175781;1.2899999618530273;27.625;11.850000381469727;9.789999961853027;12.899999618530273;26.049999237060547;47.31999969482422;13.829999923706055;60.900001525878906
2018-12-18;51.439998626708984;;13.109999656677246;1.3200000524520874;28.075000762939453;11.899999618530273;9.600000381469727;12.760000228881836;25.170000076293945;48.5;14.09000015258789;58.959999084472656
2018-12-19;50.0099983215332;;13.380000114440918;1.309999942779541;27.625;11.890000343322754;9.699999809265137;12.819999694824219;24.760000228881836;46.56999969482422;14.0;59.5099983215332
2018-12-20;49.810001373291016;;14.399999618530273;1.309999942779541;27.91670036315918;11.880000114440918;9.25;12.75;24.15999984741211;46.5;14.170000076293945;57.7599983215332
2018-12-21;50.86000061035156;;14.479999542236328;1.2599999904632568;27.716699600219727;11.75;9.210000038146973;12.699999809265137;24.18000030517578;47.0;13.90999984741211;59.099998474121094
2018-12-26;50.439998626708984;;14.380000114440918;1.25;27.066699981689453;11.600000381469727;9.149999618530273;12.6899995803833;24.579999923706055;46.95000076293945;14.050000190734863;57.79999923706055
2018-12-27;49.5;;14.470000267028809;1.2599999904632568;27.75;11.800000190734863;9.0;12.880000114440918;24.440000534057617;45.58000183105469;14.279999732971191;57.15999984741211
2018-12-28;51.0;;15.029999732971191;1.2599999904632568;28.20829963684082;12.079999923706055;9.220000267028809;13.069999694824219;25.399999618530273;46.22999954223633;14.75;57.150001525878906
2019-01-02;51.09000015258789;;15.600000381469727;1.2999999523162842;29.808300018310547;12.649999618530273;9.760000228881836;13.460000038146973;26.649999618530273;47.18000030517578;14.180000305175781;56.70000076293945
2019-01-03;49.0;;15.270000457763672;1.4700000286102295;30.41670036315918;12.760000228881836;9.550000190734863;13.550000190734863;27.200000762939453;47.599998474121094;14.770000457763672;56.56999969482422
2019-01-04;52.189998626708984;;15.630000114440918;1.4500000476837158;29.75;12.720000267028809;10.109999656677246;13.289999961853027;27.510000228881836;47.5;14.880000114440918;57.380001068115234
2019-01-07;51.90999984741211;;15.100000381469727;1.4299999475479126;30.0;12.710000038146973;10.130000114440918;13.210000038146973;28.399999618530273;47.900001525878906;14.449999809265137;56.099998474121094
2019-01-08;52.40999984741211;;15.09000015258789;1.399999976158142;30.33329963684082;12.880000114440918;9.770000457763672;13.229999542236328;28.25;48.0099983215332;14.5;58.150001525878906
2019-01-09;53.689998626708984;;15.210000038146973;1.4299999475479126;30.966699600219727;13.050000190734863;10.09000015258789;13.4399995803833;28.81999969482422;48.7400016784668;14.59000015258789;61.11000061035156
2019-01-10;53.099998474121094;;15.640000343322754;1.4800000190734863;31.058300018310547;12.960000038146973;10.329999923706055;13.34000015258789;28.68000030517578;48.45000076293945;14.729999542236328;63.52000045776367
2019-01-11;52.380001068115234;;15.829999923706055;1.4800000190734863;30.933300018310547;12.800000190734863;10.180000305175781;13.229999542236328;28.5;47.79999923706055;14.789999961853027;64.0
2019-01-14;52.599998474121094;;16.350000381469727;1.4199999570846558;30.966699600219727;12.989999771118164;9.869999885559082;13.300000190734863;28.399999618530273;48.209999084472656;14.960000038146973;63.77000045776367
2019-01-15;52.349998474121094;;16.200000762939453;1.399999976158142;31.08329963684082;12.90999984741211;9.739999771118164;13.279999732971191;28.309999465942383;47.599998474121094;15.300000190734863;64.72000122070312
2019-01-16;52.650001525878906;;16.149999618530273;1.3600000143051147;31.25;12.920000076293945;9.989999771118164;13.199999809265137;28.540000915527344;46.849998474121094;15.449999809265137;64.19999694824219
2019-01-17;54.22999954223633;;16.420000076293945;1.3899999856948853;31.375;12.9399995803833;9.979999542236328;13.489999771118164;28.780000686645508;46.400001525878906;15.449999809265137;63.02000045776367
2019-01-18;54.7599983215332;;16.239999771118164;1.3899999856948853;31.75;12.930000305175781;9.9399995803833;13.59000015258789;29.149999618530273;47.09000015258789;15.670000076293945;63.369998931884766
2019-01-21;55.279998779296875;;16.5;1.3799999952316284;31.200000762939453;12.880000114440918;10.050000190734863;13.520000457763672;29.290000915527344;46.70000076293945;15.600000381469727;62.380001068115234
2019-01-22;55.08000183105469;;16.450000762939453;1.3700000047683716;31.174999237060547;12.819999694824219;9.760000228881836;13.510000228881836;28.850000381469727;46.15999984741211;15.600000381469727;61.45000076293945
2019-01-23;55.650001525878906;;16.6200008392334;1.3600000143051147;31.766700744628906;12.989999771118164;9.720000267028809;13.84000015258789;29.149999618530273;46.970001220703125;16.09000015258789;61.88999938964844
2019-01-24;56.150001525878906;;16.899999618530273;1.350000023841858;32.233299255371094;13.199999809265137;9.800000190734863;14.260000228881836;29.459999084472656;47.77000045776367;16.540000915527344;62.290000915527344
2019-01-28;42.36000061035156;;16.579999923706055;1.3300000429153442;32.99169921875;13.489999771118164;9.720000267028809;14.329999923706055;28.420000076293945;48.36000061035156;16.770000457763672;65.11000061035156
2019-01-29;42.7400016784668;;16.530000686645508;1.309999942779541;32.09170150756836;13.270000457763672;9.699999809265137;14.5;29.040000915527344;47.810001373291016;16.700000762939453;63.099998474121094
2019-01-30;46.599998474121094;;16.399999618530273;1.2899999618530273;32.349998474121094;13.420000076293945;9.899999618530273;14.5;29.440000534057617;48.27000045776367;17.0;62.36000061035156
2019-01-31;45.5;;16.219999313354492;1.340000033378601;33.54999923706055;13.5;9.8100004196167;14.550000190734863;29.549999237060547;48.689998626708984;16.790000915527344;62.0
2019-02-01;46.25;;16.1299991607666;1.409999966621399;33.150001525878906;13.539999961853027;9.6899995803833;14.300000190734863;30.020000457763672;49.20000076293945;17.260000228881836;62.45000076293945
2019-02-04;44.68000030517578;;15.829999923706055;1.4199999570846558;33.858299255371094;13.800000190734863;9.779999732971191;14.399999618530273;30.360000610351562;49.20000076293945;17.280000686645508;62.5
2019-02-05;44.52000045776367;;15.890000343322754;1.4600000381469727;33.83330154418945;13.369999885559082;9.800000190734863;14.380000114440918;30.549999237060547;49.2400016784668;17.389999389648438;61.31999969482422
2019-02-06;42.459999084472656;;15.479999542236328;1.5099999904632568;32.224998474121094;12.800000190734863;9.350000381469727;14.100000381469727;30.010000228881836;47.619998931884766;16.950000762939453;59.72999954223633
2019-02-07;41.59000015258789;;15.6899995803833;1.4700000286102295;32.69169998168945;12.819999694824219;9.4399995803833;13.850000381469727;29.479999542236328;47.4900016784668;17.329999923706055;60.25
2019-02-08;43.15999984741211;;15.949999809265137;1.4500000476837158;33.54169845581055;13.229999542236328;9.619999885559082;13.90999984741211;29.270000457763672;47.790000915527344;17.719999313354492;60.22999954223633
2019-02-11;42.02000045776367;;15.680000305175781;1.4199999570846558;32.891700744628906;13.140000343322754;9.579999923706055;13.739999771118164;28.899999618530273;47.75;17.709999084472656;59.25
2019-02-12;44.29999923706055;;15.859999656677246;1.4299999475479126;33.599998474121094;13.359999656677246;9.579999923706055;13.5600004196167;29.940000534057617;48.06999969482422;18.110000610351562;59.27000045776367
2019-02-13;45.4900016784668;;16.1299991607666;1.4299999475479126;33.31669998168945;13.069999694824219;9.619999885559082;13.600000381469727;30.649999618530273;48.45000076293945;18.049999237060547;58.060001373291016
2019-02-14;45.65999984741211;;16.389999389648438;1.4900000095367432;34.45000076293945;13.399999618530273;9.670000076293945;13.899999618530273;31.290000915527344;48.4900016784668;18.65999984741211;58.779998779296875
2019-02-15;45.880001068115234;;16.43000030517578;1.5199999809265137;33.99169921875;13.229999542236328;9.399999618530273;13.819999694824219;31.049999237060547;48.150001525878906;18.979999542236328;58.5099983215332
2019-02-18;45.25;;16.610000610351562;1.4800000190734863;33.20830154418945;12.960000038146973;9.369999885559082;13.850000381469727;30.690000534057617;47.9900016784668;19.010000228881836;57.58000183105469
2019-02-19;45.4900016784668;;16.600000381469727;1.4900000095367432;33.75;13.229999542236328;9.220000267028809;13.920000076293945;31.260000228881836;48.63999938964844;19.139999389648438;59.2400016784668
2019-02-20;45.79999923706055;;16.149999618530273;1.5099999904632568;33.099998474121094;13.199999809265137;9.279999732971191;13.520000457763672;31.260000228881836;47.7599983215332;18.899999618530273;58.150001525878906
2019-02-21;45.380001068115234;;16.139999389648438;1.5299999713897705;33.5;13.5600004196167;9.5;13.489999771118164;31.43000030517578;47.86000061035156;18.600000381469727;58.95000076293945
2019-02-22;46.9900016784668;;16.219999313354492;1.5700000524520874;33.43330001831055;12.899999618530273;9.920000076293945;13.520000457763672;31.25;48.34000015258789;18.479999542236328;59.31999969482422
2019-02-25;47.119998931884766;;16.350000381469727;1.649999976158142;33.20000076293945;12.8100004196167;10.210000038146973;13.670000076293945;30.5;47.90999984741211;18.540000915527344;59.0
2019-02-26;47.20000076293945;;16.3700008392334;1.690000057220459;33.34170150756836;12.819999694824219;10.0600004196167;13.600000381469727;30.510000228881836;48.27000045776367;18.030000686645508;60.939998626708984
2019-02-27;46.83000183105469;;16.899999618530273;1.7200000286102295;33.125;12.640000343322754;9.880000114440918;13.520000457763672;30.670000076293945;47.63999938964844;18.610000610351562;65.48999786376953
2019-02-28;47.099998474121094;;16.75;1.7999999523162842;32.108299255371094;12.369999885559082;9.65999984741211;13.390000343322754;29.860000610351562;46.790000915527344;17.299999237060547;65.41000366210938
2019-03-01;46.7400016784668;;16.649999618530273;1.75;31.16670036315918;12.260000228881836;9.699999809265137;13.109999656677246;29.200000762939453;46.08000183105469;17.459999084472656;63.849998474121094
2019-03-06;48.04999923706055;;16.450000762939453;1.7599999904632568;30.983299255371094;12.079999923706055;9.619999885559082;12.899999618530273;29.479999542236328;45.54999923706055;17.229999542236328;63.18000030517578
2019-03-07;48.86000061035156;;15.8100004196167;1.75;31.200000762939453;12.289999961853027;9.630000114440918;12.960000038146973;29.219999313354492;45.79999923706055;17.209999084472656;62.779998779296875
2019-03-08;48.849998474121094;;16.219999313354492;1.7300000190734863;31.5;12.510000228881836;9.670000076293945;13.239999771118164;29.0;46.5;17.59000015258789;66.80000305175781
2019-03-11;49.880001068115234;;16.799999237060547;1.7000000476837158;32.78329849243164;12.859999656677246;10.0;13.520000457763672;30.639999389648438;47.09000015258789;17.75;67.0
2019-03-12;49.970001220703125;;17.100000381469727;1.690000057220459;33.141700744628906;12.899999618530273;10.020000457763672;13.460000038146973;30.1299991607666;46.720001220703125;17.3700008392334;67.08999633789062
2019-03-13;50.70000076293945;;17.209999084472656;1.649999976158142;33.125;12.979999542236328;10.100000381469727;13.609999656677246;30.940000534057617;47.43000030517578;17.959999084472656;70.0999984741211
2019-03-14;50.709999084472656;;17.299999237060547;1.6699999570846558;33.00830078125;12.770000457763672;10.4399995803833;13.470000267028809;31.290000915527344;47.2599983215332;17.8799991607666;69.05000305175781
2019-03-15;50.54999923706055;;17.489999771118164;1.6699999570846558;33.16669845581055;12.800000190734863;10.149999618530273;13.170000076293945;31.6200008392334;48.27000045776367;18.110000610351562;68.66000366210938
2019-03-18;50.459999084472656;;17.790000915527344;1.7799999713897705;33.40829849243164;12.890000343322754;10.369999885559082;13.010000228881836;32.2599983215332;48.5;18.18000030517578;67.91999816894531
2019-03-19;51.900001525878906;;17.709999084472656;1.8700000047683716;32.75;12.6899995803833;10.920000076293945;12.880000114440918;32.77000045776367;48.400001525878906;17.850000381469727;68.5
2019-03-20;50.560001373291016;;17.34000015258789;1.8799999952316284;32.13330078125;12.470000267028809;10.720000267028809;12.859999656677246;32.970001220703125;48.29999923706055;17.399999618530273;66.0
2019-03-21;50.88999938964844;;17.0;1.8700000047683716;31.125;12.279999732971191;10.449999809265137;12.729999542236328;32.310001373291016;47.79999923706055;17.450000762939453;66.5
2019-03-22;50.04999923706055;;16.489999771118164;1.809999942779541;30.299999237060547;11.930000305175781;10.039999961853027;12.510000228881836;30.770000457763672;47.66999816894531;17.1299991607666;66.41000366210938
2019-03-25;49.54999923706055;;16.860000610351562;1.7899999618530273;30.41670036315918;11.960000038146973;10.229999542236328;12.630000114440918;30.649999618530273;46.83000183105469;17.399999618530273;66.43000030517578
2019-03-26;50.279998779296875;;17.049999237060547;1.809999942779541;30.516700744628906;12.029999732971191;10.25;12.640000343322754;31.93000030517578;47.0;17.649999618530273;66.16000366210938
2019-03-27;49.599998474121094;;16.18000030517578;1.6799999475479126;29.549999237060547;11.430000305175781;9.489999771118164;12.149999618530273;30.450000762939453;46.099998474121094;16.670000076293945;64.33000183105469
2019-03-28;49.29999923706055;;16.399999618530273;1.590000033378601;30.83329963684082;12.050000190734863;9.680000305175781;12.449999809265137;30.959999084472656;47.209999084472656;17.309999465942383;65.0
2019-03-29;50.93000030517578;;16.700000762939453;1.5099999904632568;31.54170036315918;11.979999542236328;10.039999961853027;12.569999694824219;31.149999618530273;47.5;16.979999542236328;65.30000305175781
2019-04-01;52.599998474121094;;16.309999465942383;1.4700000286102295;31.600000381469727;11.979999542236328;10.220000267028809;12.460000038146973;30.8700008392334;47.619998931884766;17.520000457763672;64.58999633789062
2019-04-02;51.630001068115234;;15.270000457763672;1.5299999713897705;31.299999237060547;11.869999885559082;9.699999809265137;12.640000343322754;31.0;47.06999969482422;17.299999237060547;65.68000030517578
2019-04-03;51.779998779296875;;15.609999656677246;1.5099999904632568;30.899999618530273;11.75;9.6899995803833;12.260000228881836;30.350000381469727;47.5099983215332;17.18000030517578;65.5
2019-04-04;52.15999984741211;;15.869999885559082;1.5099999904632568;31.399999618530273;11.800000190734863;9.680000305175781;12.5;31.350000381469727;48.869998931884766;17.549999237060547;67.3499984741211
2019-04-05;51.97999954223633;;15.989999771118164;1.5199999809265137;31.56999969482422;12.069999694824219;9.640000343322754;12.529999732971191;32.04999923706055;49.630001068115234;17.690000534057617;68.8499984741211
2019-04-08;53.38999938964844;;16.59000015258789;1.5;31.68000030517578;12.0600004196167;9.489999771118164;12.229999542236328;32.7400016784668;50.02000045776367;17.850000381469727;67.98999786376953
2019-04-09;52.349998474121094;;16.34000015258789;1.5199999809265137;31.489999771118164;11.880000114440918;9.399999618530273;12.109999656677246;32.45000076293945;48.599998474121094;17.600000381469727;67.30000305175781
2019-04-10;51.7599983215332;;17.100000381469727;1.6100000143051147;31.200000762939453;11.819999694824219;9.420000076293945;12.34000015258789;32.27000045776367;48.279998779296875;17.100000381469727;66.55000305175781
2019-04-11;51.790000915527344;;16.889999389648438;1.649999976158142;30.8700008392334;11.670000076293945;9.260000228881836;11.899999618530273;31.850000381469727;48.54999923706055;16.760000228881836;66.0
2019-04-12;51.47999954223633;;16.469999313354492;1.6100000143051147;30.5;11.550000190734863;9.180000305175781;11.40999984741211;29.1299991607666;46.529998779296875;16.809999465942383;66.0
2019-04-15;51.33000183105469;;16.450000762939453;1.6200000047683716;30.260000228881836;11.529999732971191;9.069999694824219;11.670000076293945;29.110000610351562;46.349998474121094;17.299999237060547;65.87999725341797
2019-04-16;53.099998474121094;;16.34000015258789;1.6399999856948853;30.239999771118164;11.630000114440918;8.949999809265137;12.0600004196167;30.149999618530273;47.0;17.020000457763672;66.80000305175781
2019-04-17;52.25;;15.979999542236328;1.6200000047683716;30.079999923706055;11.470000267028809;8.8100004196167;12.109999656677246;30.18000030517578;46.5;17.010000228881836;64.75
2019-04-18;52.58000183105469;;16.399999618530273;1.649999976158142;30.450000762939453;11.59000015258789;9.020000457763672;12.229999542236328;30.760000228881836;47.20000076293945;17.030000686645508;65.08000183105469
2019-04-22;51.29999923706055;;16.700000762939453;1.7100000381469727;30.440000534057617;11.550000190734863;8.970000267028809;12.369999885559082;30.8700008392334;46.95000076293945;17.190000534057617;66.0
2019-04-23;51.91999816894531;;17.0;1.7300000190734863;31.0;11.850000381469727;8.90999984741211;12.529999732971191;31.1200008392334;47.0;17.68000030517578;67.0
2019-04-24;50.36000061035156;;16.799999237060547;1.690000057220459;31.010000228881836;11.850000381469727;8.59000015258789;12.520000457763672;30.579999923706055;46.459999084472656;17.399999618530273;66.62000274658203
2019-04-25;50.33000183105469;;17.209999084472656;1.690000057220459;31.0;12.039999961853027;8.699999809265137;12.5;30.65999984741211;46.70000076293945;17.520000457763672;67.94999694824219
2019-04-26;50.41999816894531;;17.440000534057617;1.6699999570846558;31.0;12.020000457763672;8.609999656677246;12.5;30.389999389648438;46.650001525878906;17.799999237060547;67.75
2019-04-29;50.25;;17.450000762939453;1.649999976158142;30.90999984741211;11.800000190734863;8.609999656677246;12.34000015258789;30.25;46.75;17.59000015258789;68.25
2019-04-30;50.099998474121094;;17.670000076293945;1.6799999475479126;31.0;11.90999984741211;8.630000114440918;12.300000190734863;29.959999084472656;46.56999969482422;17.510000228881836;69.13999938964844
2019-05-02;48.939998626708984;;17.760000228881836;1.7300000190734863;31.1200008392334;11.949999809265137;8.449999809265137;12.119999885559082;29.510000228881836;45.90999984741211;17.5;69.0999984741211
2019-05-03;50.400001525878906;;17.65999984741211;1.7300000190734863;31.729999542236328;11.770000457763672;8.869999885559082;12.649999618530273;29.559999465942383;45.91999816894531;17.530000686645508;69.26000213623047
2019-05-06;49.65999984741211;;17.190000534057617;1.7100000381469727;30.700000762939453;11.4399995803833;8.779999732971191;12.4399995803833;29.540000915527344;45.5099983215332;17.56999969482422;68.55000305175781
2019-05-07;49.70000076293945;;17.100000381469727;1.7000000476837158;30.270000457763672;11.4399995803833;8.460000038146973;12.100000381469727;29.219999313354492;45.849998474121094;17.6299991607666;68.02999877929688
2019-05-08;49.0;;17.18000030517578;1.6200000047683716;30.979999542236328;11.539999961853027;8.579999923706055;12.1899995803833;30.219999313354492;45.75;17.440000534057617;69.12000274658203
2019-05-09;48.540000915527344;;17.3799991607666;1.600000023841858;30.3700008392334;11.489999771118164;8.510000228881836;12.25;29.360000610351562;45.5;17.600000381469727;68.33999633789062
2019-05-10;49.459999084472656;;17.25;1.590000033378601;30.059999465942383;11.449999809265137;8.430000305175781;12.199999809265137;29.350000381469727;45.33000183105469;17.389999389648438;68.06999969482422
2019-05-13;47.43000030517578;;16.649999618530273;1.5499999523162842;29.200000762939453;11.25;8.180000305175781;11.800000190734863;28.510000228881836;44.900001525878906;17.1200008392334;67.55000305175781
2019-05-14;47.59000015258789;;16.950000762939453;1.5;28.950000762939453;11.270000457763672;8.149999618530273;11.920000076293945;28.520000457763672;44.900001525878906;17.25;67.55000305175781
2019-05-15;47.95000076293945;;16.600000381469727;1.5399999618530273;28.690000534057617;11.25;7.949999809265137;11.789999961853027;28.31999969482422;44.849998474121094;17.100000381469727;66.31999969482422
2019-05-16;46.400001525878906;;16.049999237060547;1.4700000286102295;28.170000076293945;11.079999923706055;7.699999809265137;11.619999885559082;27.780000686645508;44.599998474121094;16.989999771118164;64.33999633789062
2019-05-17;47.720001220703125;;15.670000076293945;1.4700000286102295;28.399999618530273;11.079999923706055;7.889999866485596;11.460000038146973;27.559999465942383;44.97999954223633;17.280000686645508;63.77000045776367
2019-05-20;46.75;40.880001068115234;16.399999618530273;1.4800000190734863;29.3799991607666;11.4399995803833;8.010000228881836;11.859999656677246;28.06999969482422;45.720001220703125;17.940000534057617;65.0
2019-05-21;47.40999984741211;42.0;17.200000762939453;1.5499999523162842;30.649999618530273;11.789999961853027;8.430000305175781;12.210000038146973;28.799999237060547;46.20000076293945;18.799999237060547;67.0
2019-05-22;47.459999084472656;41.439998626708984;17.479999542236328;1.559999942779541;30.209999084472656;11.720000267028809;8.449999809265137;12.100000381469727;28.770000457763672;46.599998474121094;19.1200008392334;66.44999694824219
2019-05-23;47.81999969482422;41.310001373291016;17.170000076293945;1.6399999856948853;30.219999313354492;11.680000305175781;8.149999618530273;12.100000381469727;28.270000457763672;47.0;19.0;65.69000244140625
2019-05-24;48.310001373291016;41.0;16.610000610351562;1.6299999952316284;30.020000457763672;11.550000190734863;8.199999809265137;12.069999694824219;28.329999923706055;46.34000015258789;18.6200008392334;65.5999984741211
2019-05-27;50.189998626708984;41.58000183105469;16.59000015258789;1.649999976158142;30.450000762939453;11.579999923706055;8.229999542236328;12.130000114440918;28.739999771118164;46.75;18.700000762939453;65.72000122070312
2019-05-28;50.25;43.06999969482422;16.799999237060547;1.6699999570846558;31.469999313354492;11.869999885559082;8.260000228881836;12.40999984741211;29.1299991607666;47.0;19.110000610351562;67.70999908447266
2019-05-29;49.70000076293945;43.099998474121094;17.40999984741211;1.600000023841858;32.04999923706055;12.15999984741211;8.260000228881836;12.609999656677246;28.899999618530273;46.84000015258789;18.950000762939453;69.4000015258789
2019-05-30;50.0099983215332;43.95000076293945;18.0;1.6200000047683716;32.54999923706055;12.329999923706055;8.329999923706055;12.84000015258789;28.850000381469727;47.45000076293945;19.100000381469727;69.75
2019-05-31;49.0;44.040000915527344;18.0;1.600000023841858;32.650001525878906;12.390000343322754;8.199999809265137;12.8100004196167;28.229999542236328;48.04999923706055;19.84000015258789;69.41999816894531
2019-06-03;48.83000183105469;43.900001525878906;18.139999389648438;1.6100000143051147;32.77000045776367;12.420000076293945;8.0;12.6899995803833;28.850000381469727;49.0;19.610000610351562;69.5999984741211
2019-06-04;49.11000061035156;43.2599983215332;18.350000381469727;1.6299999952316284;32.70000076293945;12.449999809265137;8.279999732971191;12.949999809265137;29.020000457763672;49.900001525878906;20.559999465942383;70.41999816894531
2019-06-05;48.38999938964844;42.66999816894531;18.389999389648438;1.6200000047683716;32.31999969482422;12.149999618530273;8.260000228881836;12.6899995803833;28.610000610351562;49.70000076293945;20.110000610351562;69.19999694824219
2019-06-06;48.79999923706055;43.099998474121094;18.940000534057617;1.6399999856948853;32.75;12.289999961853027;8.239999771118164;12.829999923706055;29.059999465942383;49.5;20.100000381469727;69.5999984741211
2019-06-07;48.65999984741211;44.36000061035156;19.049999237060547;1.6200000047683716;32.95000076293945;12.399999618530273;8.600000381469727;13.380000114440918;29.850000381469727;49.470001220703125;19.81999969482422;71.55000305175781
2019-06-10;48.34000015258789;44.77000045776367;18.6200008392334;1.6299999952316284;32.650001525878906;12.210000038146973;8.699999809265137;13.350000381469727;29.350000381469727;49.58000183105469;19.360000610351562;72.61000061035156
2019-06-11;51.43000030517578;45.27000045776367;18.809999465942383;1.6299999952316284;32.72999954223633;12.239999771118164;9.010000228881836;13.289999961853027;29.950000762939453;49.40999984741211;19.200000762939453;72.87000274658203
2019-06-12;51.4900016784668;45.400001525878906;18.100000381469727;1.6699999570846558;32.790000915527344;12.180000305175781;8.800000190734863;13.399999618530273;29.510000228881836;49.959999084472656;19.290000915527344;74.0
2019-06-13;51.849998474121094;45.75;18.200000762939453;1.6299999952316284;32.439998626708984;12.020000457763672;8.930000305175781;13.970000267028809;29.90999984741211;50.29999923706055;19.100000381469727;73.63999938964844
2019-06-14;51.400001525878906;45.84000015258789;17.889999389648438;1.6200000047683716;32.0;11.979999542236328;8.65999984741211;14.079999923706055;30.190000534057617;50.2599983215332;18.959999084472656;74.30000305175781
2019-06-17;50.20000076293945;46.25;17.979999542236328;1.600000023841858;31.81999969482422;11.970000267028809;8.600000381469727;14.0;30.149999618530273;49.349998474121094;18.600000381469727;75.0
2019-06-18;52.0;46.5;17.850000381469727;1.6299999952316284;32.189998626708984;12.199999809265137;8.779999732971191;;30.610000610351562;50.13999938964844;18.559999465942383;74.9800033569336
2019-06-19;52.29999923706055;47.849998474121094;17.690000534057617;1.6299999952316284;32.939998626708984;12.380000114440918;8.65999984741211;14.069999694824219;30.84000015258789;49.709999084472656;18.649999618530273;76.0
2019-06-21;52.439998626708984;46.97999954223633;17.899999618530273;1.6299999952316284;33.70000076293945;12.600000381469727;8.6899995803833;14.619999885559082;31.790000915527344;49.880001068115234;18.700000762939453;74.44999694824219
2019-06-24;52.400001525878906;47.400001525878906;17.920000076293945;1.6200000047683716;33.849998474121094;12.649999618530273;8.739999771118164;14.470000267028809;31.65999984741211;50.279998779296875;18.709999084472656;75.31999969482422
2019-06-25;51.380001068115234;46.22999954223633;17.649999618530273;1.600000023841858;33.27000045776367;12.579999923706055;8.470000267028809;14.149999618530273;30.700000762939453;49.689998626708984;18.200000762939453;73.0
2019-06-26;51.58000183105469;46.63999938964844;17.639999389648438;1.6100000143051147;33.400001525878906;12.979999542236328;8.59000015258789;14.109999656677246;30.549999237060547;49.95000076293945;18.399999618530273;73.4000015258789
2019-06-27;51.70000076293945;46.86000061035156;18.239999771118164;1.6399999856948853;33.5;12.9399995803833;8.670000076293945;14.029999732971191;29.889999389648438;50.20000076293945;19.059999465942383;75.93000030517578
2019-06-28;51.81999969482422;47.15999984741211;18.719999313354492;1.649999976158142;33.45000076293945;12.890000343322754;8.9399995803833;14.329999923706055;30.020000457763672;49.90999984741211;18.899999618530273;76.0999984741211
2019-07-01;53.650001525878906;46.43000030517578;18.489999771118164;1.659999966621399;33.5;12.920000076293945;8.880000114440918;14.119999885559082;29.920000076293945;48.90999984741211;18.65999984741211;77.19999694824219
2019-07-02;51.38999938964844;46.720001220703125;18.040000915527344;1.659999966621399;33.45000076293945;12.779999732971191;8.779999732971191;14.0600004196167;29.469999313354492;50.0;18.850000381469727;76.19000244140625
2019-07-03;51.290000915527344;47.11000061035156;18.229999542236328;1.6699999570846558;34.08000183105469;12.970000267028809;9.020000457763672;14.25;29.770000457763672;50.630001068115234;19.299999237060547;77.0
2019-07-04;51.66999816894531;47.70000076293945;18.469999313354492;1.690000057220459;34.84000015258789;13.149999618530273;9.449999809265137;14.489999771118164;30.15999984741211;51.16999816894531;19.6200008392334;80.5999984741211
2019-07-05;50.36000061035156;48.5;18.450000762939453;1.690000057220459;35.11000061035156;13.270000457763672;9.680000305175781;14.800000190734863;30.030000686645508;50.70000076293945;19.479999542236328;81.31999969482422
2019-07-08;50.95000076293945;48.06999969482422;18.729999542236328;1.690000057220459;35.34000015258789;13.279999732971191;9.649999618530273;14.869999885559082;30.610000610351562;50.70000076293945;19.649999618530273;81.5
2019-07-10;52.130001068115234;48.84000015258789;18.889999389648438;1.649999976158142;35.099998474121094;13.34000015258789;9.5600004196167;15.460000038146973;30.719999313354492;52.0;19.959999084472656;83.5
2019-07-11;52.04999923706055;48.45000076293945;18.459999084472656;1.659999966621399;34.70000076293945;13.199999809265137;9.460000038146973;14.930000305175781;31.299999237060547;52.400001525878906;19.899999618530273;83.6500015258789
2019-07-12;51.810001373291016;47.540000915527344;18.270000457763672;1.659999966621399;34.0099983215332;13.0;9.430000305175781;14.880000114440918;31.5;52.09000015258789;19.639999389648438;80.12999725341797
2019-07-15;52.689998626708984;47.84000015258789;17.979999542236328;1.7799999713897705;34.02000045776367;12.949999809265137;9.319999694824219;14.729999542236328;30.969999313354492;53.70000076293945;19.399999618530273;80.38999938964844
2019-07-16;53.04999923706055;47.9900016784668;18.059999465942383;1.7699999809265137;33.720001220703125;12.890000343322754;9.399999618530273;14.539999961853027;30.600000381469727;54.13999938964844;19.149999618530273;78.11000061035156
2019-07-17;52.689998626708984;48.25;18.0;1.7899999618530273;33.84000015258789;12.930000305175781;9.369999885559082;14.720000267028809;30.399999618530273;54.0;19.25;77.55000305175781
2019-07-18;52.59000015258789;48.599998474121094;17.979999542236328;1.7400000095367432;34.459999084472656;13.210000038146973;9.380000114440918;14.640000343322754;30.06999969482422;53.689998626708984;19.239999771118164;78.0
2019-07-19;52.720001220703125;47.150001525878906;17.5;1.690000057220459;34.029998779296875;13.050000190734863;9.380000114440918;14.449999809265137;30.059999465942383;53.75;19.190000534057617;77.5
2019-07-22;52.45000076293945;47.54999923706055;17.530000686645508;1.7100000381469727;34.38999938964844;13.25;9.1899995803833;14.300000190734863;30.100000381469727;53.599998474121094;19.6200008392334;77.58999633789062
2019-07-23;51.7599983215332;46.54999923706055;17.469999313354492;1.7200000286102295;34.400001525878906;13.319999694824219;9.100000381469727;14.1899995803833;30.25;53.5;19.670000076293945;77.56999969482422
2019-07-24;50.650001525878906;46.720001220703125;17.010000228881836;1.7100000381469727;35.029998779296875;13.300000190734863;8.970000267028809;14.319999694824219;30.0;53.720001220703125;19.549999237060547;79.87000274658203
2019-07-25;50.4900016784668;46.099998474121094;16.93000030517578;1.6799999475479126;33.310001373291016;12.899999618530273;8.699999809265137;14.239999771118164;29.459999084472656;52.70000076293945;19.06999969482422;79.80999755859375
2019-07-26;50.22999954223633;47.369998931884766;17.0;1.690000057220459;32.77000045776367;13.010000228881836;8.819999694824219;14.25;28.540000915527344;52.220001220703125;19.260000228881836;82.5
2019-07-29;50.2599983215332;48.439998626708984;16.90999984741211;1.7000000476837158;32.77000045776367;12.989999771118164;8.850000381469727;14.920000076293945;28.889999389648438;52.70000076293945;19.299999237060547;84.0999984741211
2019-07-30;50.0099983215332;48.560001373291016;17.18000030517578;1.7100000381469727;32.20000076293945;12.779999732971191;8.819999694824219;15.210000038146973;28.700000762939453;52.470001220703125;19.280000686645508;83.5
2019-07-31;49.810001373291016;47.459999084472656;17.020000457763672;1.7200000286102295;31.110000610351562;12.470000267028809;8.75;15.010000228881836;28.790000915527344;52.29999923706055;19.290000915527344;83.01000213623047
2019-08-01;48.400001525878906;48.81999969482422;17.309999465942383;1.7000000476837158;30.84000015258789;12.550000190734863;8.5;14.949999809265137;28.350000381469727;52.439998626708984;19.600000381469727;84.81999969482422
2019-08-02;47.84000015258789;49.70000076293945;17.200000762939453;1.7100000381469727;30.75;12.460000038146973;8.5;15.0600004196167;29.209999084472656;52.79999923706055;19.850000381469727;88.0
2019-08-05;46.0;48.630001068115234;16.959999084472656;1.6799999475479126;30.110000610351562;12.260000228881836;8.220000267028809;14.6899995803833;28.0;51.65999984741211;19.760000228881836;84.0
2019-08-06;46.619998931884766;50.400001525878906;17.59000015258789;1.6699999570846558;30.860000610351562;12.65999984741211;8.170000076293945;15.079999923706055;28.469999313354492;52.5099983215332;20.299999237060547;86.5
2019-08-07;46.47999954223633;50.04999923706055;16.889999389648438;1.690000057220459;31.299999237060547;12.989999771118164;7.980000019073486;15.449999809265137;28.200000762939453;53.119998931884766;20.25;94.5
2019-08-08;47.18000030517578;50.52000045776367;17.450000762939453;1.6799999475479126;31.469999313354492;13.119999885559082;8.300000190734863;14.680000305175781;28.8700008392334;53.2599983215332;20.559999465942383;91.8499984741211
2019-08-09;45.4900016784668;50.459999084472656;17.309999465942383;1.6699999570846558;30.81999969482422;13.0600004196167;8.100000381469727;15.119999885559082;28.6200008392334;52.400001525878906;20.610000610351562;92.0
2019-08-12;45.15999984741211;49.79999923706055;17.399999618530273;1.649999976158142;30.100000381469727;12.600000381469727;7.960000038146973;14.930000305175781;27.850000381469727;51.849998474121094;20.420000076293945;89.9000015258789
2019-08-13;46.5;50.25;17.969999313354492;1.6699999570846558;30.469999313354492;12.920000076293945;8.180000305175781;14.930000305175781;27.959999084472656;52.25;20.420000076293945;90.38999938964844
2019-08-14;44.880001068115234;48.5;17.700000762939453;1.6399999856948853;29.65999984741211;12.75;7.78000020980835;14.539999961853027;27.100000381469727;51.2400016784668;19.899999618530273;88.01000213623047
2019-08-15;43.88999938964844;48.22999954223633;17.360000610351562;1.4600000381469727;29.510000228881836;12.800000190734863;7.440000057220459;14.390000343322754;26.5;51.66999816894531;19.479999542236328;87.19999694824219
2019-08-16;43.689998626708984;49.560001373291016;18.0;1.2599999904632568;29.59000015258789;12.510000228881836;7.300000190734863;14.359999656677246;26.3799991607666;52.90999984741211;19.850000381469727;88.55000305175781
2019-08-19;43.650001525878906;49.400001525878906;18.1200008392334;1.25;29.100000381469727;12.289999961853027;7.059999942779541;14.050000190734863;26.739999771118164;52.40999984741211;19.75;89.29000091552734
2019-08-20;43.84000015258789;49.29999923706055;18.0;1.1200000047683716;28.799999237060547;12.100000381469727;7.269999980926514;14.0600004196167;26.489999771118164;53.099998474121094;19.350000381469727;89.91000366210938
2019-08-21;44.150001525878906;50.130001068115234;18.780000686645508;1.2799999713897705;29.510000228881836;12.25;7.429999828338623;14.199999809265137;27.899999618530273;53.59000015258789;19.59000015258789;89.5
2019-08-22;43.88999938964844;49.060001373291016;18.450000762939453;1.3300000429153442;28.899999618530273;12.050000190734863;7.510000228881836;14.079999923706055;27.6299991607666;52.599998474121094;19.600000381469727;89.30000305175781
2019-08-23;43.279998779296875;48.04999923706055;17.510000228881836;1.2899999618530273;28.149999618530273;11.880000114440918;7.230000019073486;13.800000190734863;26.760000228881836;52.20000076293945;19.079999923706055;89.0
2019-08-26;42.79999923706055;47.04999923706055;17.440000534057617;1.1799999475479126;28.030000686645508;11.829999923706055;7.139999866485596;13.550000190734863;26.40999984741211;51.099998474121094;19.290000915527344;87.9800033569336
2019-08-27;43.31999969482422;47.439998626708984;17.989999771118164;1.2200000286102295;28.3799991607666;12.020000457763672;7.0;13.649999618530273;26.90999984741211;51.650001525878906;19.440000534057617;89.30000305175781
2019-08-28;43.47999954223633;48.61000061035156;16.799999237060547;1.3700000047683716;28.219999313354492;12.199999809265137;7.010000228881836;13.789999961853027;27.100000381469727;52.20000076293945;19.360000610351562;93.58000183105469
2019-08-29;45.099998474121094;50.18000030517578;17.149999618530273;1.5199999809265137;29.1200008392334;12.260000228881836;7.650000095367432;13.789999961853027;28.1200008392334;52.2400016784668;19.450000762939453;92.11000061035156
2019-08-30;45.56999969482422;50.54999923706055;17.579999923706055;1.6399999856948853;30.299999237060547;12.289999961853027;7.900000095367432;13.479999542236328;28.270000457763672;53.66999816894531;20.100000381469727;92.04000091552734
2019-09-02;46.0099983215332;50.34000015258789;17.8799991607666;1.5499999523162842;29.6200008392334;12.140000343322754;7.820000171661377;13.800000190734863;27.969999313354492;54.33000183105469;20.149999618530273;90.19999694824219
2019-09-03;45.52000045776367;49.75;17.649999618530273;1.6200000047683716;28.969999313354492;11.949999809265137;7.739999771118164;13.609999656677246;28.110000610351562;54.060001373291016;19.829999923706055;90.69999694824219
2019-09-04;46.52000045776367;50.52000045776367;17.530000686645508;1.6100000143051147;29.40999984741211;12.140000343322754;7.650000095367432;13.579999923706055;28.81999969482422;55.0;19.81999969482422;91.5
2019-09-05;46.52000045776367;50.25;17.549999237060547;1.590000033378601;30.1299991607666;12.579999923706055;7.699999809265137;13.6899995803833;29.0;55.63999938964844;19.8799991607666;90.97000122070312
2019-09-06;46.45000076293945;49.970001220703125;16.979999542236328;1.5800000429153442;31.299999237060547;12.949999809265137;7.670000076293945;13.579999923706055;29.190000534057617;54.650001525878906;19.709999084472656;90.80999755859375
2019-09-09;47.88999938964844;49.4900016784668;16.729999542236328;1.600000023841858;31.719999313354492;13.109999656677246;8.289999961853027;13.229999542236328;29.770000457763672;52.9900016784668;19.239999771118164;90.81999969482422
2019-09-10;48.2400016784668;49.45000076293945;16.6200008392334;1.6399999856948853;31.510000228881836;12.979999542236328;8.319999694824219;13.319999694824219;30.0;52.560001373291016;19.299999237060547;92.5
2019-09-11;47.95000076293945;51.029998779296875;16.84000015258789;1.6200000047683716;31.600000381469727;12.9399995803833;8.25;13.880000114440918;29.469999313354492;53.400001525878906;19.65999984741211;94.44999694824219
2019-09-12;49.689998626708984;50.310001373291016;16.600000381469727;1.6299999952316284;31.34000015258789;13.109999656677246;8.279999732971191;13.59000015258789;29.829999923706055;53.54999923706055;19.739999771118164;93.62000274658203
2019-09-13;49.790000915527344;48.79999923706055;16.219999313354492;1.5199999809265137;30.979999542236328;13.15999984741211;8.130000114440918;13.300000190734863;29.65999984741211;51.810001373291016;19.3799991607666;92.5999984741211
2019-09-16;48.59000015258789;48.70000076293945;15.989999771118164;1.5499999523162842;30.700000762939453;13.119999885559082;8.109999656677246;13.34000015258789;31.0;52.5;19.299999237060547;92.62999725341797
2019-09-17;48.900001525878906;49.43000030517578;16.209999084472656;1.559999942779541;31.059999465942383;13.180000305175781;8.319999694824219;13.729999542236328;30.520000457763672;53.66999816894531;19.489999771118164;94.06999969482422
2019-09-18;48.400001525878906;49.70000076293945;16.100000381469727;1.5700000524520874;31.290000915527344;13.199999809265137;8.420000076293945;13.880000114440918;30.020000457763672;53.439998626708984;19.420000076293945;92.16000366210938
2019-09-19;48.31999969482422;50.65999984741211;16.18000030517578;1.590000033378601;30.8700008392334;13.079999923706055;8.25;14.329999923706055;30.239999771118164;54.2400016784668;19.6200008392334;93.05999755859375
2019-09-20;48.41999816894531;50.099998474121094;16.110000610351562;1.5399999618530273;31.899999618530273;13.239999771118164;8.130000114440918;14.489999771118164;30.31999969482422;54.52000045776367;19.25;93.61000061035156
2019-09-23;48.099998474121094;49.45000076293945;15.84000015258789;1.5800000429153442;31.639999389648438;13.100000381469727;8.130000114440918;14.449999809265137;30.450000762939453;54.0;19.329999923706055;93.80000305175781
2019-09-24;46.93000030517578;49.5;15.6899995803833;1.5499999523162842;31.290000915527344;13.0600004196167;7.900000095367432;14.579999923706055;30.059999465942383;53.97999954223633;19.059999465942383;96.4000015258789
2019-09-25;47.86000061035156;49.470001220703125;15.5;1.4800000190734863;31.59000015258789;13.140000343322754;8.050000190734863;14.470000267028809;30.100000381469727;54.2599983215332;19.1200008392334;95.91999816894531
2019-09-26;47.86000061035156;50.06999969482422;15.859999656677246;1.4600000381469727;31.860000610351562;13.420000076293945;8.039999961853027;14.520000457763672;30.350000381469727;54.45000076293945;19.299999237060547;96.08000183105469
2019-09-27;47.65999984741211;50.18000030517578;15.84000015258789;1.4600000381469727;31.829999923706055;13.390000343322754;8.0;14.359999656677246;30.420000076293945;54.959999084472656;19.110000610351562;96.1500015258789
2019-09-30;47.75;50.470001220703125;15.899999618530273;1.4299999475479126;31.25;13.180000305175781;7.809999942779541;14.40999984741211;30.149999618530273;54.939998626708984;19.600000381469727;95.80999755859375
2019-10-01;47.709999084472656;50.4900016784668;16.100000381469727;1.4199999570846558;30.979999542236328;12.949999809265137;7.739999771118164;14.210000038146973;29.979999542236328;53.91999816894531;19.350000381469727;95.93000030517578
2019-10-02;45.099998474121094;48.5099983215332;15.890000343322754;1.399999976158142;29.770000457763672;12.649999618530273;7.480000019073486;13.890000343322754;28.899999618530273;52.58000183105469;19.049999237060547;95.19999694824219
2019-10-03;45.439998626708984;48.779998779296875;15.8100004196167;1.4600000381469727;29.809999465942383;12.5;7.480000019073486;14.079999923706055;29.1200008392334;52.5099983215332;19.1200008392334;95.55999755859375
2019-10-04;46.59000015258789;48.959999084472656;15.8100004196167;1.4199999570846558;29.93000030517578;12.510000228881836;7.590000152587891;14.15999984741211;28.850000381469727;53.5;19.260000228881836;101.5
2019-10-07;46.040000915527344;48.400001525878906;15.489999771118164;1.4600000381469727;29.469999313354492;12.180000305175781;7.409999847412109;13.8100004196167;28.399999618530273;52.59000015258789;18.68000030517578;102.12999725341797
2019-10-08;45.31999969482422;48.41999816894531;15.550000190734863;1.4299999475479126;29.59000015258789;12.140000343322754;7.349999904632568;13.800000190734863;28.219999313354492;52.79999923706055;18.989999771118164;100.01000213623047
2019-10-09;45.66999816894531;48.93000030517578;15.489999771118164;1.440000057220459;30.770000457763672;12.329999923706055;7.300000190734863;14.15999984741211;28.93000030517578;53.0;18.860000610351562;101.45999908447266
2019-10-10;47.2400016784668;48.59000015258789;15.300000190734863;1.4199999570846558;30.950000762939453;12.430000305175781;7.46999979019165;13.90999984741211;29.06999969482422;53.130001068115234;18.59000015258789;100.70999908447266
2019-10-11;48.63999938964844;50.290000915527344;15.59000015258789;1.409999966621399;31.399999618530273;12.699999809265137;7.670000076293945;14.239999771118164;29.5;53.470001220703125;18.940000534057617;100.9800033569336
2019-10-14;47.9900016784668;50.72999954223633;15.470000267028809;1.409999966621399;31.860000610351562;12.90999984741211;7.590000152587891;14.390000343322754;29.670000076293945;53.31999969482422;18.75;101.05000305175781
2019-10-15;47.90999984741211;51.29999923706055;15.279999732971191;1.409999966621399;32.16999816894531;12.930000305175781;7.699999809265137;14.699999809265137;30.06999969482422;53.5;18.690000534057617;101.12000274658203
2019-10-16;46.79999923706055;51.83000183105469;15.050000190734863;1.3899999856948853;33.150001525878906;13.170000076293945;7.630000114440918;14.960000038146973;30.489999771118164;54.630001068115234;18.8700008392334;102.87999725341797
2019-10-17;46.709999084472656;51.77000045776367;15.25;1.399999976158142;32.689998626708984;13.149999618530273;7.630000114440918;15.069999694824219;30.200000762939453;55.04999923706055;18.850000381469727;101.44999694824219
2019-10-18;46.029998779296875;51.29999923706055;15.09000015258789;1.399999976158142;31.440000534057617;13.069999694824219;7.579999923706055;15.170000076293945;29.950000762939453;54.86000061035156;18.989999771118164;103.62999725341797
2019-10-21;47.209999084472656;52.09000015258789;15.149999618530273;1.3799999952316284;31.93000030517578;13.260000228881836;7.630000114440918;15.270000457763672;30.350000381469727;54.709999084472656;19.229999542236328;105.55000305175781
2019-10-22;47.29999923706055;51.90999984741211;14.9399995803833;1.3799999952316284;32.77000045776367;13.5600004196167;7.559999942779541;15.09000015258789;31.280000686645508;54.619998931884766;19.0;106.20999908447266
2019-10-23;47.11000061035156;51.09000015258789;14.869999885559082;1.399999976158142;33.11000061035156;13.65999984741211;7.480000019073486;15.020000457763672;31.43000030517578;54.209999084472656;18.739999771118164;103.37999725341797
2019-10-24;46.75;49.27000045776367;14.920000076293945;1.3799999952316284;33.04999923706055;13.649999618530273;7.25;15.050000190734863;30.809999465942383;53.90999984741211;18.3700008392334;105.5
2019-10-25;48.560001373291016;50.5;14.579999923706055;1.3700000047683716;33.310001373291016;13.789999961853027;7.230000019073486;15.130000114440918;31.709999084472656;53.599998474121094;18.059999465942383;107.05000305175781
2019-10-28;48.70000076293945;50.04999923706055;14.529999732971191;1.340000033378601;34.29999923706055;13.90999984741211;7.260000228881836;15.350000381469727;31.950000762939453;53.29999923706055;18.510000228881836;107.0
2019-10-29;48.650001525878906;50.209999084472656;14.479999542236328;1.340000033378601;33.91999816894531;13.779999732971191;7.369999885559082;15.149999618530273;32.2400016784668;53.20000076293945;18.649999618530273;109.4000015258789
2019-10-30;48.59000015258789;50.279998779296875;14.800000190734863;1.340000033378601;34.2599983215332;13.949999809265137;7.369999885559082;15.34000015258789;32.630001068115234;53.2400016784668;18.860000610351562;109.30000305175781
2019-10-31;47.20000076293945;50.75;14.949999809265137;1.309999942779541;32.849998474121094;13.710000038146973;7.260000228881836;15.350000381469727;32.70000076293945;53.08000183105469;18.969999313354492;110.0
2019-11-01;48.439998626708984;51.66999816894531;14.619999885559082;1.3200000524520874;32.4900016784668;13.760000228881836;7.420000076293945;15.470000267028809;32.7400016784668;53.36000061035156;18.899999618530273;112.97000122070312
2019-11-04;49.81999969482422;51.04999923706055;14.890000343322754;1.3300000429153442;32.63999938964844;13.899999618530273;7.590000152587891;15.430000305175781;32.970001220703125;53.75;19.0;113.80000305175781
2019-11-05;49.869998931884766;49.52000045776367;14.800000190734863;1.309999942779541;33.189998626708984;14.069999694824219;7.590000152587891;15.199999809265137;32.54999923706055;53.029998779296875;18.799999237060547;111.88999938964844
2019-11-06;49.689998626708984;50.38999938964844;14.710000038146973;1.3300000429153442;32.72999954223633;13.960000038146973;7.690000057220459;15.390000343322754;32.40999984741211;54.560001373291016;18.8700008392334;112.63999938964844
2019-11-07;50.11000061035156;50.189998626708984;14.850000381469727;1.350000023841858;33.02000045776367;13.9399995803833;8.300000190734863;15.40999984741211;33.45000076293945;54.5;18.979999542236328;112.05000305175781
2019-11-08;49.18000030517578;48.91999816894531;14.779999732971191;1.350000023841858;32.029998779296875;13.760000228881836;8.010000228881836;15.15999984741211;32.90999984741211;54.0;18.770000457763672;111.5
2019-11-11;48.130001068115234;50.54999923706055;14.75;1.3300000429153442;32.18000030517578;13.890000343322754;7.900000095367432;15.289999961853027;33.13999938964844;53.959999084472656;18.719999313354492;112.0
2019-11-12;47.900001525878906;49.5099983215332;14.619999885559082;1.350000023841858;31.729999542236328;13.729999542236328;7.710000038146973;15.069999694824219;32.52000045776367;54.0;18.959999084472656;109.98999786376953
2019-11-13;47.119998931884766;49.290000915527344;14.619999885559082;1.3300000429153442;31.600000381469727;13.5;7.590000152587891;15.09000015258789;32.400001525878906;53.790000915527344;18.8799991607666;108.48999786376953
2019-11-14;47.0;51.70000076293945;14.550000190734863;1.340000033378601;31.389999389648438;13.630000114440918;7.590000152587891;15.779999732971191;31.709999084472656;54.88999938964844;19.149999618530273;112.19999694824219
2019-11-18;47.61000061035156;51.06999969482422;14.140000343322754;1.3200000524520874;31.149999618530273;13.600000381469727;7.53000020980835;15.65999984741211;31.700000762939453;56.11000061035156;19.100000381469727;111.3499984741211
2019-11-19;48.16999816894531;50.58000183105469;14.109999656677246;1.3200000524520874;31.100000381469727;13.420000076293945;7.639999866485596;15.5;31.25;55.779998779296875;19.0;111.80000305175781
2019-11-21;48.41999816894531;51.060001373291016;13.979999542236328;1.2999999523162842;31.459999084472656;13.510000228881836;8.149999618530273;15.670000076293945;32.08000183105469;55.20000076293945;19.0;112.69999694824219
2019-11-22;49.58000183105469;50.939998626708984;14.270000457763672;1.309999942779541;31.469999313354492;13.579999923706055;8.09000015258789;15.539999961853027;31.979999542236328;54.91999816894531;18.950000762939453;113.4800033569336
